-- phpMyAdmin SQL Dump
-- version 4.4.15.10
-- https://www.phpmyadmin.net
--
-- Host: localhost
-- Generation Time: 2021-01-15 19:23:27
-- 服务器版本： 5.6.49-log
-- PHP Version: 5.6.40

SET SQL_MODE = "NO_AUTO_VALUE_ON_ZERO";
SET time_zone = "+00:00";


/*!40101 SET @OLD_CHARACTER_SET_CLIENT=@@CHARACTER_SET_CLIENT */;
/*!40101 SET @OLD_CHARACTER_SET_RESULTS=@@CHARACTER_SET_RESULTS */;
/*!40101 SET @OLD_COLLATION_CONNECTION=@@COLLATION_CONNECTION */;
/*!40101 SET NAMES utf8mb4 */;

--
-- Database: `xianyu`
--

-- --------------------------------------------------------

--
-- 表的结构 `cnf_balance_log`
--

CREATE TABLE IF NOT EXISTS `cnf_balance_log` (
  `id` int(11) NOT NULL,
  `uid` int(11) DEFAULT NULL,
  `type` tinyint(4) DEFAULT NULL,
  `fkey` varchar(16) DEFAULT NULL COMMENT '外键',
  `money` decimal(16,2) DEFAULT NULL,
  `ori_balance` decimal(16,2) DEFAULT '0.00',
  `new_balance` decimal(16,2) DEFAULT '0.00',
  `create_id` int(11) DEFAULT '0',
  `create_time` int(11) DEFAULT NULL,
  `create_day` int(11) DEFAULT '0',
  `remark` varchar(128) DEFAULT NULL
) ENGINE=InnoDB AUTO_INCREMENT=4451 DEFAULT CHARSET=utf8mb4 ROW_FORMAT=DYNAMIC;

--
-- 转存表中的数据 `cnf_balance_log`
--

INSERT INTO `cnf_balance_log` (`id`, `uid`, `type`, `fkey`, `money`, `ori_balance`, `new_balance`, `create_id`, `create_time`, `create_day`, `remark`) VALUES
(4224, 1650, 13, '990', '-10.66', '165336.37', '165325.71', 0, 1607518715, 20201209, 'MS2020120920583529755'),
(4225, 1650, 15, '990', '10.66', '165325.71', '165336.37', 0, 1607519316, 20201209, 'MS2020120920583529755'),
(4226, 1650, 15, '990', '-10.66', '10.66', '0.00', 0, 1607519316, 20201209, 'MS2020120920583529755'),
(4227, 1650, 13, '991', '-10.00', '165336.37', '165326.37', 0, 1607524340, 20201209, 'MS2020120922322057672'),
(4228, 1650, 13, '992', '-13.00', '165326.37', '165313.37', 0, 1607524368, 20201209, 'MS2020120922324890616'),
(4229, 1650, 13, '993', '-18.00', '165313.37', '165295.37', 0, 1607524419, 20201209, 'MS2020120922333922993'),
(4230, 1650, 13, '994', '-999.00', '165295.37', '164296.37', 0, 1607524447, 20201209, 'MS2020120922340730814'),
(4231, 1650, 15, '991', '10.00', '164296.37', '164306.37', 0, 1607524943, 20201209, 'MS2020120922322057672'),
(4232, 1650, 15, '991', '-10.00', '1040.00', '1030.00', 0, 1607524943, 20201209, 'MS2020120922322057672'),
(4233, 1650, 15, '992', '13.00', '164306.37', '164319.37', 0, 1607524969, 20201209, 'MS2020120922324890616'),
(4234, 1650, 15, '992', '-13.00', '1030.00', '1017.00', 0, 1607524969, 20201209, 'MS2020120922324890616'),
(4235, 1650, 15, '994', '999.00', '164319.37', '165318.37', 0, 1607525050, 20201209, 'MS2020120922340730814'),
(4236, 1650, 15, '994', '-999.00', '1017.00', '18.00', 0, 1607525050, 20201209, 'MS2020120922340730814'),
(4237, 1650, 13, '995', '-999.00', '165318.37', '164319.37', 0, 1607525385, 20201209, 'MS2020120922494558946'),
(4238, 1650, 15, '995', '999.00', '164319.37', '165318.37', 0, 1607525986, 20201209, 'MS2020120922494558946'),
(4239, 1650, 15, '995', '-999.00', '1017.00', '18.00', 0, 1607525986, 20201209, 'MS2020120922494558946'),
(4240, 1650, 13, '996', '-999.00', '165318.37', '164319.37', 0, 1607526089, 20201209, 'MS2020120923012928418'),
(4241, 1650, 13, '997', '-999.00', '164319.37', '163320.37', 0, 1607526137, 20201209, 'MS2020120923021724780'),
(4242, 1650, 15, '997', '999.00', '163320.37', '164319.37', 0, 1607526738, 20201209, 'MS2020120923021724780'),
(4243, 1650, 15, '997', '-999.00', '2016.00', '1017.00', 0, 1607526738, 20201209, 'MS2020120923021724780'),
(4244, 1650, 13, '998', '-999.00', '164319.37', '163320.37', 0, 1607526759, 20201209, 'MS2020120923123943372'),
(4245, 1650, 15, '998', '999.00', '163320.37', '164319.37', 0, 1607527364, 20201209, 'MS2020120923123943372'),
(4246, 1650, 15, '998', '-999.00', '2016.00', '1017.00', 0, 1607527364, 20201209, 'MS2020120923123943372'),
(4247, 1650, 13, '999', '-999.00', '164319.37', '163320.37', 0, 1607532662, 20201210, 'MS2020121000510262360'),
(4248, 1650, 13, '1000', '-998.00', '163320.37', '162322.37', 0, 1607532944, 20201210, 'MS2020121000554349813'),
(4249, 1650, 13, '1001', '-888.00', '162322.37', '161434.37', 0, 1607533051, 20201210, 'MS2020121000573157889'),
(4250, 1650, 15, '999', '999.00', '161434.37', '162433.37', 0, 1607533266, 20201210, 'MS2020121000510262360'),
(4251, 1650, 15, '999', '-999.00', '3902.00', '2903.00', 0, 1607533266, 20201210, 'MS2020121000510262360'),
(4252, 1650, 15, '1000', '998.00', '162433.37', '163431.37', 0, 1607533547, 20201210, 'MS2020121000554349813'),
(4253, 1650, 15, '1000', '-998.00', '2903.00', '1905.00', 0, 1607533547, 20201210, 'MS2020121000554349813'),
(4254, 1650, 15, '1001', '888.00', '163431.37', '164319.37', 0, 1607533653, 20201210, 'MS2020121000573157889'),
(4255, 1650, 15, '1001', '-888.00', '1905.00', '1017.00', 0, 1607533653, 20201210, 'MS2020121000573157889'),
(4256, 1650, 13, '1002', '-888.00', '164319.37', '163431.37', 0, 1607533886, 20201210, 'MS2020121001112637630'),
(4257, 1650, 13, '1003', '-888.00', '163431.37', '162543.37', 0, 1607534368, 20201210, 'MS2020121001192812416'),
(4258, 1650, 13, '1004', '-10.00', '162543.37', '162533.37', 0, 1607534376, 20201210, 'MS2020121001193617469'),
(4259, 1650, 13, '1005', '-888.00', '162533.37', '161645.37', 0, 1607534497, 20201210, 'MS2020121001213777853'),
(4260, 1650, 13, '1006', '-999.00', '161645.37', '160646.37', 0, 1607534563, 20201210, 'MS2020121001224381296'),
(4261, 1650, 13, '1007', '-1000.00', '160646.37', '159646.37', 0, 1607534586, 20201210, 'MS2020121001230672413'),
(4262, 1650, 13, '1008', '-777.00', '159646.37', '158869.37', 0, 1607534748, 20201210, 'MS2020121001254859710'),
(4263, 1650, 15, '1003', '888.00', '158869.37', '159757.37', 0, 1607534970, 20201210, 'MS2020121001192812416'),
(4264, 1650, 15, '1003', '-888.00', '6467.00', '5579.00', 0, 1607534970, 20201210, 'MS2020121001192812416'),
(4265, 1650, 13, '1009', '-777.00', '159757.37', '158980.37', 0, 1607534996, 20201210, 'MS2020121001295670929'),
(4266, 1650, 13, '1010', '-888.00', '158980.37', '158092.37', 0, 1607535005, 20201210, 'MS2020121001300581392'),
(4267, 1650, 13, '1011', '-888.00', '158092.37', '157204.37', 0, 1607535049, 20201210, 'MS2020121001304920343'),
(4268, 1650, 14, '1011', '-888.00', '8132.00', '7244.00', 1650, 1607535126, 20201210, 'MS2020121001304920343'),
(4269, 1653, 3, '1011', '856.92', '0.00', '856.92', 0, 1607535129, 20201210, 'MS2020121001304920343'),
(4270, 1650, 4, '1011', '31.08', '2.61', '33.69', 0, 1607535129, 20201210, 'MS2020121001304920343'),
(4271, 1650, 15, '1006', '999.00', '157204.37', '158203.37', 0, 1607535166, 20201210, 'MS2020121001224381296'),
(4272, 1650, 15, '1006', '-999.00', '7244.00', '6245.00', 0, 1607535166, 20201210, 'MS2020121001224381296'),
(4273, 1650, 16, '1003', '-888.00', '158203.37', '157315.37', 1650, 1607535167, 20201210, 'MS2020121001192812416'),
(4274, 1653, 3, '1003', '856.92', '856.92', '1713.84', 0, 1607535171, 20201210, 'MS2020121001192812416'),
(4275, 1650, 4, '1003', '10.66', '33.69', '44.35', 0, 1607535171, 20201210, 'MS2020121001192812416'),
(4276, 1650, 15, '1007', '1000.00', '157315.37', '158315.37', 0, 1607535187, 20201210, 'MS2020121001230672413'),
(4277, 1650, 15, '1007', '-1000.00', '6245.00', '5245.00', 0, 1607535187, 20201210, 'MS2020121001230672413'),
(4278, 1650, 13, '1012', '-1.00', '158315.37', '158314.37', 1650, 1607535195, 20201210, 'TS2020121001331548651'),
(4279, 1650, 13, '1013', '-10.00', '158314.37', '158304.37', 0, 1607535276, 20201210, 'MS2020121001343653742'),
(4280, 1650, 15, '1009', '777.00', '158304.37', '159081.37', 0, 1607535598, 20201210, 'MS2020121001295670929'),
(4281, 1650, 15, '1009', '-777.00', '5256.00', '4479.00', 0, 1607535598, 20201210, 'MS2020121001295670929'),
(4282, 1650, 15, '1010', '888.00', '159081.37', '159969.37', 0, 1607535609, 20201210, 'MS2020121001300581392'),
(4283, 1650, 15, '1010', '-888.00', '4479.00', '3591.00', 0, 1607535609, 20201210, 'MS2020121001300581392'),
(4284, 1650, 15, '1012', '1.00', '159969.37', '159970.37', 0, 1607535800, 20201210, 'TS2020121001331548651'),
(4285, 1650, 15, '1012', '-1.00', '3591.00', '3590.00', 0, 1607535800, 20201210, 'TS2020121001331548651'),
(4286, 1650, 15, '1013', '10.00', '159970.37', '159980.37', 0, 1607535881, 20201210, 'MS2020121001343653742'),
(4287, 1650, 15, '1013', '-10.00', '3590.00', '3580.00', 0, 1607535881, 20201210, 'MS2020121001343653742'),
(4288, 1650, 13, '1014', '-444.00', '159980.37', '159536.37', 0, 1607575020, 20201210, 'MS2020121012370049354'),
(4289, 1650, 13, '1015', '-555.00', '159536.37', '158981.37', 0, 1607575031, 20201210, 'MS2020121012371145402'),
(4290, 1650, 13, '1016', '-666.00', '158981.37', '158315.37', 0, 1607575042, 20201210, 'MS2020121012372282413'),
(4291, 1650, 13, '1017', '-666.00', '158315.37', '157649.37', 0, 1607575100, 20201210, 'MS2020121012382048429'),
(4292, 1650, 13, '1018', '-667.00', '157649.37', '156982.37', 0, 1607575114, 20201210, 'MS2020121012383326901'),
(4293, 1650, 13, '1019', '-222.00', '156982.37', '156760.37', 0, 1607575141, 20201210, 'MS2020121012390161480'),
(4294, 1650, 15, '1014', '444.00', '156760.37', '157204.37', 0, 1607575622, 20201210, 'MS2020121012370049354'),
(4295, 1650, 15, '1014', '-444.00', '6800.00', '6356.00', 0, 1607575622, 20201210, 'MS2020121012370049354'),
(4296, 1650, 15, '1015', '555.00', '157204.37', '157759.37', 0, 1607575633, 20201210, 'MS2020121012371145402'),
(4297, 1650, 15, '1015', '-555.00', '6356.00', '5801.00', 0, 1607575633, 20201210, 'MS2020121012371145402'),
(4298, 1650, 15, '1016', '666.00', '157759.37', '158425.37', 0, 1607575644, 20201210, 'MS2020121012372282413'),
(4299, 1650, 15, '1016', '-666.00', '5801.00', '5135.00', 0, 1607575644, 20201210, 'MS2020121012372282413'),
(4300, 1650, 15, '1017', '666.00', '158425.37', '159091.37', 0, 1607575705, 20201210, 'MS2020121012382048429'),
(4301, 1650, 15, '1017', '-666.00', '5135.00', '4469.00', 0, 1607575705, 20201210, 'MS2020121012382048429'),
(4302, 1650, 15, '1018', '667.00', '159091.37', '159758.37', 0, 1607575716, 20201210, 'MS2020121012383326901'),
(4303, 1650, 15, '1018', '-667.00', '4469.00', '3802.00', 0, 1607575716, 20201210, 'MS2020121012383326901'),
(4304, 1650, 15, '1019', '222.00', '159758.37', '159980.37', 0, 1607575742, 20201210, 'MS2020121012390161480'),
(4305, 1650, 15, '1019', '-222.00', '3802.00', '3580.00', 0, 1607575742, 20201210, 'MS2020121012390161480'),
(4306, 1650, 13, '1020', '-666.00', '159980.37', '159314.37', 0, 1607582337, 20201210, 'MS2020121014385748140'),
(4307, 1650, 13, '1021', '-888.00', '159314.37', '158426.37', 0, 1607582818, 20201210, 'MS2020121014465833091'),
(4308, 1650, 13, '1022', '-333.00', '158426.37', '158093.37', 0, 1607582831, 20201210, 'MS2020121014471195152'),
(4309, 1650, 15, '1020', '666.00', '158093.37', '158759.37', 0, 1607582940, 20201210, 'MS2020121014385748140'),
(4310, 1650, 15, '1020', '-666.00', '5467.00', '4801.00', 0, 1607582940, 20201210, 'MS2020121014385748140'),
(4311, 1650, 15, '1021', '888.00', '158759.37', '159647.37', 0, 1607583421, 20201210, 'MS2020121014465833091'),
(4312, 1650, 15, '1021', '-888.00', '4801.00', '3913.00', 0, 1607583421, 20201210, 'MS2020121014465833091'),
(4313, 1650, 15, '1022', '333.00', '159647.37', '159980.37', 0, 1607583432, 20201210, 'MS2020121014471195152'),
(4314, 1650, 15, '1022', '-333.00', '3913.00', '3580.00', 0, 1607583432, 20201210, 'MS2020121014471195152'),
(4315, 1650, 16, '1021', '-888.00', '159980.37', '159092.37', 1650, 1607583462, 20201210, 'MS2020121014465833091'),
(4316, 1653, 3, '1021', '856.92', '1713.84', '2570.76', 0, 1607583467, 20201210, 'MS2020121014465833091'),
(4317, 1650, 4, '1021', '31.08', '44.35', '75.43', 0, 1607583467, 20201210, 'MS2020121014465833091'),
(4318, 1650, 13, '1023', '-666.00', '159092.37', '158426.37', 0, 1607600967, 20201210, 'MS2020121019492796952'),
(4319, 1650, 13, '1024', '-666.00', '158426.37', '157760.37', 0, 1607601068, 20201210, 'MS2020121019510844065'),
(4320, 1650, 13, '1025', '-888.00', '157760.37', '156872.37', 0, 1607601207, 20201210, 'MS2020121019532769146'),
(4321, 1650, 13, '1026', '-888.00', '156872.37', '155984.37', 0, 1607601324, 20201210, 'MS2020121019552484718'),
(4322, 1650, 14, '1026', '-888.00', '6688.00', '5800.00', 1650, 1607601522, 20201210, 'MS2020121019552484718'),
(4323, 1653, 3, '1026', '856.92', '2570.76', '3427.68', 0, 1607601526, 20201210, 'MS2020121019552484718'),
(4324, 1650, 4, '1026', '10.66', '75.43', '86.09', 0, 1607601526, 20201210, 'MS2020121019552484718'),
(4325, 1650, 14, '1025', '-888.00', '5800.00', '4912.00', 1650, 1607601530, 20201210, 'MS2020121019532769146'),
(4326, 1653, 3, '1025', '856.92', '3427.68', '4284.60', 0, 1607601532, 20201210, 'MS2020121019532769146'),
(4327, 1650, 4, '1025', '31.08', '86.09', '117.17', 0, 1607601532, 20201210, 'MS2020121019532769146'),
(4328, 1650, 14, '1024', '-666.00', '4912.00', '4246.00', 1650, 1607601537, 20201210, 'MS2020121019510844065'),
(4329, 1653, 3, '1024', '642.69', '4284.60', '4927.29', 0, 1607601538, 20201210, 'MS2020121019510844065'),
(4330, 1650, 4, '1024', '23.31', '117.17', '140.48', 0, 1607601538, 20201210, 'MS2020121019510844065'),
(4331, 1650, 13, '1027', '-666.00', '155984.37', '155318.37', 0, 1607601674, 20201210, 'MS2020121020011460632'),
(4332, 1650, 13, '1028', '-888.00', '155318.37', '154430.37', 0, 1607601700, 20201210, 'MS2020121020014020085'),
(4333, 1650, 13, '1029', '-777.00', '154430.37', '153653.37', 0, 1607601758, 20201210, 'MS2020121020023891951'),
(4334, 1650, 14, '1029', '-777.00', '6577.00', '5800.00', 1650, 1607601846, 20201210, 'MS2020121020023891951'),
(4335, 1653, 3, '1029', '749.81', '4927.29', '5677.10', 0, 1607601850, 20201210, 'MS2020121020023891951'),
(4336, 1650, 4, '1029', '9.32', '140.48', '149.80', 0, 1607601850, 20201210, 'MS2020121020023891951'),
(4337, 1650, 14, '1028', '-888.00', '5800.00', '4912.00', 1650, 1607601852, 20201210, 'MS2020121020014020085'),
(4338, 1653, 3, '1028', '856.92', '5677.10', '6534.02', 0, 1607601856, 20201210, 'MS2020121020014020085'),
(4339, 1650, 4, '1028', '31.08', '149.80', '180.88', 0, 1607601856, 20201210, 'MS2020121020014020085'),
(4340, 1650, 14, '1027', '-666.00', '4912.00', '4246.00', 1650, 1607601859, 20201210, 'MS2020121020011460632'),
(4341, 1653, 3, '1027', '642.69', '6534.02', '7176.71', 0, 1607601862, 20201210, 'MS2020121020011460632'),
(4342, 1650, 4, '1027', '23.31', '180.88', '204.19', 0, 1607601862, 20201210, 'MS2020121020011460632'),
(4343, 1650, 13, '1030', '-777.00', '153653.37', '152876.37', 0, 1607601905, 20201210, 'MS2020121020050580006'),
(4344, 1650, 13, '1031', '-777.00', '152876.37', '152099.37', 0, 1607601939, 20201210, 'MS2020121020053944118'),
(4345, 1650, 13, '1032', '-666.00', '152099.37', '151433.37', 0, 1607601957, 20201210, 'MS2020121020055751640'),
(4346, 1650, 13, '1033', '-10.00', '151433.37', '151423.37', 0, 1607602192, 20201210, 'MS2020121020095279113'),
(4347, 1650, 13, '1034', '-20.00', '151423.37', '151403.37', 0, 1607602201, 20201210, 'MS2020121020100186787'),
(4348, 1650, 13, '1035', '-30.00', '151403.37', '151373.37', 0, 1607602212, 20201210, 'MS2020121020101254037'),
(4349, 1650, 15, '1030', '777.00', '151373.37', '152150.37', 0, 1607602508, 20201210, 'MS2020121020050580006'),
(4350, 1650, 15, '1030', '-777.00', '6526.00', '5749.00', 0, 1607602508, 20201210, 'MS2020121020050580006'),
(4351, 1650, 15, '1031', '777.00', '152150.37', '152927.37', 0, 1607602544, 20201210, 'MS2020121020053944118'),
(4352, 1650, 15, '1031', '-777.00', '5749.00', '4972.00', 0, 1607602544, 20201210, 'MS2020121020053944118'),
(4353, 1650, 15, '1032', '666.00', '152927.37', '153593.37', 0, 1607602560, 20201210, 'MS2020121020055751640'),
(4354, 1650, 15, '1032', '-666.00', '4972.00', '4306.00', 0, 1607602560, 20201210, 'MS2020121020055751640'),
(4355, 1650, 15, '1033', '10.00', '153593.37', '153603.37', 0, 1607602796, 20201210, 'MS2020121020095279113'),
(4356, 1650, 15, '1033', '-10.00', '4306.00', '4296.00', 0, 1607602796, 20201210, 'MS2020121020095279113'),
(4357, 1650, 15, '1034', '20.00', '153603.37', '153623.37', 0, 1607602802, 20201210, 'MS2020121020100186787'),
(4358, 1650, 15, '1034', '-20.00', '4296.00', '4276.00', 0, 1607602802, 20201210, 'MS2020121020100186787'),
(4359, 1650, 15, '1035', '30.00', '153623.37', '153653.37', 0, 1607602813, 20201210, 'MS2020121020101254037'),
(4360, 1650, 15, '1035', '-30.00', '4276.00', '4246.00', 0, 1607602813, 20201210, 'MS2020121020101254037'),
(4361, 1650, 13, '1036', '-66.00', '153653.37', '153587.37', 0, 1607604253, 20201210, 'MS2020121020441344827'),
(4362, 1650, 15, '1036', '66.00', '153587.37', '153653.37', 0, 1607604854, 20201210, 'MS2020121020441344827'),
(4363, 1650, 15, '1036', '-66.00', '4312.00', '4246.00', 0, 1607604854, 20201210, 'MS2020121020441344827'),
(4364, 1650, 13, '1037', '-2000.00', '153653.37', '151653.37', 1650, 1607682776, 20201211, 'TS2020121118325685805'),
(4365, 1650, 14, '1037', '-2000.00', '6246.00', '4246.00', 1650, 1607682806, 20201211, 'TS2020121118325685805'),
(4366, 1650, 16, '1036', '-66.00', '151653.37', '151587.37', 1650, 1607682882, 20201211, 'MS2020121020441344827'),
(4367, 1653, 3, '1036', '63.69', '7176.71', '7240.40', 0, 1607682882, 20201211, 'MS2020121020441344827'),
(4368, 1650, 4, '1036', '0.79', '204.19', '204.98', 0, 1607682882, 20201211, 'MS2020121020441344827'),
(4369, 1650, 13, '1038', '-1000.00', '151587.37', '150587.37', 1650, 1607682971, 20201211, 'TS2020121118361145942'),
(4370, 1650, 14, '1038', '-1000.00', '5246.00', '4246.00', 1650, 1607682982, 20201211, 'TS2020121118361145942'),
(4371, 1650, 13, '1039', '-300.00', '150587.37', '150287.37', 1650, 1607683009, 20201211, 'TS2020121118364989068'),
(4372, 1650, 15, '1039', '300.00', '150287.37', '150587.37', 0, 1607683610, 20201211, 'TS2020121118364989068'),
(4373, 1650, 15, '1039', '-300.00', '4546.00', '4246.00', 0, 1607683610, 20201211, 'TS2020121118364989068'),
(4374, 1650, 13, '1040', '-666.00', '150587.37', '149921.37', 0, 1607774273, 20201212, 'MS2020121219575391190'),
(4375, 1650, 13, '1041', '-777.00', '149921.37', '149144.37', 0, 1607774663, 20201212, 'MS2020121220042312861'),
(4376, 1650, 14, '1041', '-777.00', '5689.00', '4912.00', 1650, 1607774706, 20201212, 'MS2020121220042312861'),
(4377, 1653, 3, '1041', '749.81', '7240.40', '7990.21', 0, 1607774706, 20201212, 'MS2020121220042312861'),
(4378, 1650, 4, '1041', '27.20', '204.98', '232.18', 0, 1607774706, 20201212, 'MS2020121220042312861'),
(4379, 1650, 14, '1040', '-666.00', '4912.00', '4246.00', 1650, 1607774713, 20201212, 'MS2020121219575391190'),
(4380, 1653, 3, '1040', '642.69', '7990.21', '8632.90', 0, 1607774713, 20201212, 'MS2020121219575391190'),
(4381, 1650, 4, '1040', '23.31', '232.18', '255.49', 0, 1607774713, 20201212, 'MS2020121219575391190'),
(4382, 1650, 13, '1042', '-666.00', '149144.37', '148478.37', 0, 1607774777, 20201212, 'MS2020121220061797390'),
(4383, 1650, 13, '1043', '-777.00', '148478.37', '147701.37', 0, 1607774876, 20201212, 'MS2020121220075639499'),
(4384, 1650, 14, '1043', '-777.00', '5689.00', '4912.00', 1650, 1607774926, 20201212, 'MS2020121220075639499'),
(4385, 1653, 3, '1043', '749.81', '8632.90', '9382.71', 0, 1607774927, 20201212, 'MS2020121220075639499'),
(4386, 1650, 4, '1043', '27.20', '255.49', '282.69', 0, 1607774927, 20201212, 'MS2020121220075639499'),
(4387, 1650, 14, '1042', '-666.00', '4912.00', '4246.00', 1650, 1607774933, 20201212, 'MS2020121220061797390'),
(4388, 1653, 3, '1042', '642.69', '9382.71', '10025.40', 0, 1607774933, 20201212, 'MS2020121220061797390'),
(4389, 1650, 4, '1042', '23.31', '282.69', '306.00', 0, 1607774933, 20201212, 'MS2020121220061797390'),
(4390, 1650, 13, '1044', '-666.00', '147701.37', '147035.37', 0, 1607775180, 20201212, 'MS2020121220130033696'),
(4391, 1650, 13, '1045', '-777.00', '147035.37', '146258.37', 0, 1607775234, 20201212, 'MS2020121220135440976'),
(4392, 1650, 15, '1044', '666.00', '146258.37', '146924.37', 0, 1607775783, 20201212, 'MS2020121220130033696'),
(4393, 1650, 15, '1044', '-666.00', '5689.00', '5023.00', 0, 1607775783, 20201212, 'MS2020121220130033696'),
(4394, 1650, 15, '1045', '777.00', '146924.37', '147701.37', 0, 1607775839, 20201212, 'MS2020121220135440976'),
(4395, 1650, 15, '1045', '-777.00', '5023.00', '4246.00', 0, 1607775839, 20201212, 'MS2020121220135440976'),
(4396, 1650, 13, '1046', '-10.00', '147701.37', '147691.37', 0, 1607841337, 20201213, 'MS2020121314353763366'),
(4397, 1650, 15, '1046', '10.00', '147691.37', '147701.37', 0, 1607841941, 20201213, 'MS2020121314353763366'),
(4398, 1650, 15, '1046', '-10.00', '4256.00', '4246.00', 0, 1607841941, 20201213, 'MS2020121314353763366'),
(4399, 1650, 13, '1047', '-666.00', '147701.37', '147035.37', 0, 1607877016, 20201214, 'MS2020121400301612540'),
(4400, 1650, 15, '1047', '666.00', '147035.37', '147701.37', 0, 1607877621, 20201214, 'MS2020121400301612540'),
(4401, 1650, 15, '1047', '-666.00', '4912.00', '4246.00', 0, 1607877621, 20201214, 'MS2020121400301612540'),
(4402, 1660, 50, '1660', '5555.00', '0.00', '5555.00', 1665, 1610209091, 20210110, '码商002充值5555'),
(4403, 1660, 50, '1660', '-555.00', '5555.00', '5000.00', 1, 1610209232, 20210110, ''),
(4404, 1659, 50, '1659', '4000.00', '0.00', '4000.00', 1, 1610209628, 20210110, ''),
(4405, 1661, 50, '1661', '6000.00', '0.00', '6000.00', 1, 1610209654, 20210110, ''),
(4406, 1662, 50, '1662', '6666.00', '0.00', '6666.00', 1, 1610209664, 20210110, ''),
(4407, 1666, 50, '1666', '888.00', '0.00', '888.00', 1, 1610209678, 20210110, ''),
(4408, 1663, 50, '1663', '666.00', '0.00', '666.00', 1, 1610209702, 20210110, ''),
(4409, 1668, 50, '1668', '777.00', '0.00', '777.00', 1, 1610209712, 20210110, ''),
(4410, 1669, 50, '1669', '888.00', '0.00', '888.00', 1, 1610209724, 20210110, ''),
(4411, 1664, 50, '1664', '999.00', '0.00', '999.00', 1, 1610209735, 20210110, ''),
(4412, 1660, 50, '1660', '2.00', '5000.00', '5002.00', 1665, 1610209813, 20210110, ''),
(4413, 1661, 50, '1661', '2.00', '6000.00', '6002.00', 1665, 1610209819, 20210110, ''),
(4414, 1662, 50, '1662', '3.00', '6666.00', '6669.00', 1665, 1610209829, 20210110, ''),
(4415, 1666, 50, '1666', '4.00', '888.00', '892.00', 1665, 1610209838, 20210110, ''),
(4416, 1666, 50, '1666', '9999.00', '892.00', '10891.00', 1665, 1610209849, 20210110, ''),
(4417, 1663, 50, '1663', '22.00', '666.00', '688.00', 1665, 1610209858, 20210110, ''),
(4418, 1668, 50, '1668', '11.00', '777.00', '788.00', 1665, 1610209872, 20210110, ''),
(4419, 1669, 50, '1669', '1.00', '888.00', '889.00', 1665, 1610209884, 20210110, ''),
(4420, 1670, 50, '1670', '2.00', '0.00', '2.00', 1665, 1610209910, 20210110, ''),
(4421, 1667, 50, '1667', '2.00', '0.00', '2.00', 1665, 1610210280, 20210110, ''),
(4422, 1664, 50, '1664', '3.00', '999.00', '1002.00', 1665, 1610210291, 20210110, ''),
(4423, 1666, 50, '1666', '88888.00', '10891.00', '99779.00', 1665, 1610210313, 20210110, ''),
(4424, 1660, 50, '1660', '6000.00', '5002.00', '11002.00', 1661, 1610210505, 20210110, ''),
(4425, 1661, 50, '1661', '-6000.00', '6002.00', '2.00', 1661, 1610210505, 20210110, ''),
(4426, 1660, 50, '1660', '1.00', '11002.00', '11003.00', 1665, 1610211722, 20210110, ''),
(4427, 1661, 50, '1661', '1.00', '2.00', '3.00', 1665, 1610211727, 20210110, ''),
(4428, 1662, 50, '1662', '1.00', '6669.00', '6670.00', 1665, 1610211740, 20210110, ''),
(4429, 1666, 50, '1666', '1.00', '99779.00', '99780.00', 1665, 1610211750, 20210110, ''),
(4430, 1663, 50, '1663', '2.00', '688.00', '690.00', 1665, 1610211758, 20210110, ''),
(4431, 1668, 50, '1668', '2.00', '788.00', '790.00', 1665, 1610211764, 20210110, ''),
(4432, 1669, 50, '1669', '1.00', '889.00', '890.00', 1665, 1610211770, 20210110, ''),
(4433, 1664, 50, '1664', '-2.00', '1002.00', '1000.00', 1665, 1610211778, 20210110, ''),
(4434, 1667, 50, '1667', '3.00', '2.00', '5.00', 1665, 1610211784, 20210110, ''),
(4435, 1670, 50, '1670', '2.00', '2.00', '4.00', 1665, 1610211792, 20210110, ''),
(4436, 1670, 50, '1670', '-4.00', '4.00', '0.00', 1665, 1610211800, 20210110, ''),
(4437, 1661, 50, '1661', '8.00', '3.00', '11.00', 1, 1610239329, 20210110, ''),
(4438, 1670, 50, '1670', '888.00', '0.00', '888.00', 1, 1610239348, 20210110, ''),
(4439, 1664, 50, '1664', '-100.00', '1000.00', '900.00', 1, 1610239377, 20210110, ''),
(4440, 1663, 50, '1663', '888.00', '690.00', '1578.00', 1, 1610266659, 20210110, ''),
(4441, 1663, 50, '1663', '-5.00', '1578.00', '1573.00', 1, 1610273750, 20210110, '测试减法'),
(4442, 1663, 11, '5', '-713.00', '1573.00', '860.00', 1663, 1610277067, 20210110, 'C202101101911074314'),
(4443, 1663, 11, '6', '-100.00', '860.00', '760.00', 1663, 1610277889, 20210110, 'C202101101924494555'),
(4444, 1663, 11, '7', '-100.00', '760.00', '660.00', 1663, 1610279901, 20210110, 'C202101101958211830'),
(4445, 1663, 12, '6', '100.00', '660.00', '760.00', 1, 1610292051, 20210110, 'C202101101924494555'),
(4446, 1660, 50, '1660', '3.00', '11003.00', '11006.00', 1665, 1610385176, 20210112, ''),
(4447, 1660, 50, '1660', '-6.00', '11006.00', '11000.00', 1665, 1610385221, 20210112, ''),
(4448, 1673, 50, '1673', '200.00', '0.00', '200.00', 1665, 1610385237, 20210112, ''),
(4449, 1663, 50, '1663', '11.00', '760.00', '771.00', 1, 1610385758, 20210112, ''),
(4450, 1663, 11, '8', '-111.00', '771.00', '660.00', 1663, 1610385909, 20210112, 'C202101120125092816');

-- --------------------------------------------------------

--
-- 表的结构 `cnf_bank`
--

CREATE TABLE IF NOT EXISTS `cnf_bank` (
  `id` int(11) NOT NULL,
  `bank_id` int(11) NOT NULL DEFAULT '0' COMMENT '银行ID',
  `bank_name` varchar(64) NOT NULL DEFAULT '' COMMENT '银行名称',
  `bank_code` varchar(255) NOT NULL DEFAULT '' COMMENT '银行代码',
  `bank_token` varchar(255) NOT NULL DEFAULT '' COMMENT '银行token',
  `bank_logo` varchar(255) DEFAULT NULL COMMENT '银行logo',
  `bank_type` enum('1','2','3') NOT NULL DEFAULT '1' COMMENT '1、PC 2、H5 3、PC和H5',
  `status` enum('1','2') NOT NULL DEFAULT '1' COMMENT '银行状态',
  `create_time` int(11) NOT NULL DEFAULT '0' COMMENT '创建时间',
  `update_time` int(11) NOT NULL DEFAULT '0' COMMENT '更新时间',
  `delete_time` int(11) NOT NULL DEFAULT '0' COMMENT '删除时间'
) ENGINE=InnoDB AUTO_INCREMENT=36 DEFAULT CHARSET=utf8 COMMENT='支付宝/微信/QQ账号表';

--
-- 转存表中的数据 `cnf_bank`
--

INSERT INTO `cnf_bank` (`id`, `bank_id`, `bank_name`, `bank_code`, `bank_token`, `bank_logo`, `bank_type`, `status`, `create_time`, `update_time`, `delete_time`) VALUES
(1, 1, '中国工商银行', 'ICBC', 'ICBCicbc105_DEPOSIT_DEBIT_EBANK_XBOX_MODEL', '/public/image/bank/icbc.png', '1', '1', 1581952771, 0, 0),
(2, 2, '中国建设银行', 'CCB', 'CCBccb103_DEPOSIT_DEBIT_EBANK_XBOX_MODEL', '/public/image/bank/ccb.png', '3', '1', 1581952771, 0, 0),
(3, 3, '中国农业银行', 'ABC', 'ABCabc101_DEPOSIT_DEBIT_EBANK_XBOX_MODEL', '/public/image/bank/abc.png', '1', '1', 1581952771, 0, 0),
(4, 4, '中国邮政储蓄银行', 'PSBC', 'PSBCpsbcnucc103_DEPOSIT_DEBIT_EBANK_XBOX_MODEL', '/public/image/bank/psbc.png', '1', '1', 1581952771, 0, 0),
(5, 5, '交通银行', 'COMM', 'COMMcommnucc103_DEPOSIT_DEBIT_EBANK_XBOX_MODEL', '/public/image/bank/comm.png', '3', '1', 1581952771, 0, 0),
(6, 6, '招商银行', 'CMB', 'CMBcmb103_DEPOSIT_DEBIT_EBANK_XBOX_MODEL', '/public/image/bank/cmb.png', '3', '1', 1581952771, 0, 0),
(7, 7, '中国银行', 'BOC', 'BOCboc102_DEPOSIT_DEBIT_EBANK_XBOX_MODEL', '/public/image/bank/boc.png', '3', '1', 1581952771, 0, 0),
(8, 8, '中国光大银行', 'CEB', 'CEBcebnucc103_DEPOSIT_DEBIT_EBANK_XBOX_MODEL', '/public/image/bank/ceb.png', '1', '1', 1581952771, 0, 0),
(9, 9, '中信银行', 'CITIC', 'CITICciticnucc103_DEPOSIT_DEBIT_EBANK_XBOX_MODEL', '/public/image/bank/citic.png', '1', '1', 1581952771, 0, 0),
(10, 10, '浦发银行', 'SPDB', 'SPDBspdbnucc103_DEPOSIT_DEBIT_EBANK_XBOX_MODEL', '/public/image/bank/spdb.png', '3', '1', 1581952771, 0, 0),
(11, 11, '中国民生银行', 'CMBC', 'CMBCcmbcnucc103_DEPOSIT_DEBIT_EBANK_XBOX_MODEL', '/public/image/bank/cmbc.png', '1', '1', 1581952771, 0, 0),
(12, 12, '兴业银行', 'CIB', 'CIBcib102_DEPOSIT_DEBIT_EBANK_XBOX_MODEL', '/public/image/bank/cib.png', '3', '1', 1581952771, 0, 0),
(13, 13, '平安银行', 'SPABANK', 'SPABANKspabanknucc103_DEPOSIT_DEBIT_EBANK_XBOX_MODEL', '/public/image/bank/spabank.png', '3', '1', 1581952771, 0, 0),
(14, 14, '广发银行', 'GDB', 'GDBgdbnucc103_DEPOSIT_DEBIT_EBANK_XBOX_MODEL', '/public/image/bank/gdb.png', '3', '1', 1581952771, 0, 0),
(15, 15, '上海农商行', 'SHRCB', 'SHRCBshrcbnucc103_DEPOSIT_DEBIT_EBANK_XBOX_MODEL', '/public/image/bank/shrcb.png', '1', '1', 1581952771, 0, 0),
(16, 16, '上海银行', 'SHBANK', 'SHBANKshbanknucc103_DEPOSIT_DEBIT_EBANK_XBOX_MODEL', '/public/image/bank/shbank.png', '1', '1', 1581952771, 0, 0),
(17, 17, '宁波银行', 'NBBANK', 'NBBANKnbbanknucc103_DEPOSIT_DEBIT_EBANK_XBOX_MODEL', '/public/image/bank/nbbank.png', '1', '1', 1581952771, 0, 0),
(18, 18, '杭州银行', 'HZCB', 'HZCBhzcbnucc103_DEPOSIT_DEBIT_EBANK_XBOX_MODEL', '/public/image/bank/hzcb.png', '1', '1', 1581952771, 0, 0),
(19, 19, '北京银行', 'BJBANK', 'BJBANKbjbanknucc103_DEPOSIT_DEBIT_EBANK_XBOX_MODEL', '/public/image/bank/bjbank.png', '1', '1', 1581952771, 0, 0),
(20, 20, '北京农商银行', 'BJRCB', 'BJRCBbjrcbnucc103_DEPOSIT_DEBIT_EBANK_XBOX_MODEL', '/public/image/bank/bjrcb.png', '1', '1', 1581952771, 0, 0),
(21, 21, '富滇银行', 'FDB', 'FDBfdbnucc103_DEPOSIT_DEBIT_EBANK_XBOX_MODEL', '/public/image/bank/fdb.png', '1', '1', 1581952771, 0, 0),
(22, 22, '温州银行', 'WZCB', 'WZCBwzcbnucc103_DEPOSIT_DEBIT_EBANK_XBOX_MODEL', '/public/image/bank/wzcb.png', '1', '1', 1581952771, 0, 0),
(23, 23, '成都银行', 'CDCB', 'CDCBcdcbnucc103_DEPOSIT_DEBIT_EBANK_XBOX_MODEL', '/public/image/bank/cdcb.png', '1', '1', 1581952771, 0, 0),
(24, 24, '常熟农商银行', 'CSRCB', 'CSRCBcsrcbnucc103_DEPOSIT_DEBIT_EBANK_XBOX_MODEL', '/public/image/bank/csrcb.png', '1', '1', 1581952771, 0, 0),
(25, 25, '华夏银行', 'HXBANK', 'HXBANKhxbanknucc103_DEPOSIT_DEBIT_EBANK_XBOX_MODEL', '/public/image/bank/hxbank.png', '1', '1', 1581952771, 0, 0),
(26, 26, '南京银行', 'NJCB', 'NJCBnjcbnucc103_DEPOSIT_DEBIT_EBANK_XBOX_MODEL', '/public/image/bank/njcb.png', '1', '1', 1581952771, 0, 0),
(27, 27, '苏州农村商业银行', 'WJRCB', 'WJRCBwjrcbnucc103_DEPOSIT_DEBIT_EBANK_XBOX_MODEL', '/public/image/bank/wjrcb.png', '1', '1', 1581952771, 0, 0),
(28, 28, '浙江省农村信用社联合社', 'ZJNX', 'ZJNXzjnxnucc103_DEPOSIT_DEBIT_EBANK_XBOX_MODEL', '/public/image/bank/zjnx.png', '1', '2', 1581952771, 0, 0),
(29, 29, '中国工商银行', 'QYICBC', 'ICBCicbcnucc104_DEPOSIT_DEBIT_EBANK_XBOX_MODEL', '/public/image/bank/icbc.png', '1', '2', 1581952771, 0, 0),
(30, 30, '中国建设银行', 'QYCCB', 'CCBccb104_DEPOSIT_DEBIT_EBANK_XBOX_MODEL', '/public/image/bank/ccb.png', '3', '2', 1581952771, 0, 0),
(31, 31, '中国农业银行', 'QYABC', 'ABCabcnucc104_DEPOSIT_DEBIT_EBANK_XBOX_MODEL', '/public/image/bank/abc.png', '3', '2', 1581952771, 0, 0),
(32, 32, '招商银行', 'QYCMB', 'CMBcmbnucc104_DEPOSIT_DEBIT_EBANK_XBOX_MODEL', '/public/image/bank/cmb.png', '3', '2', 1581952771, 0, 0),
(33, 33, '中国银行', 'QYBOC', 'BOCbocnucc104_DEPOSIT_DEBIT_EBANK_XBOX_MODEL', '/public/image/bank/boc.png', '3', '2', 1581952771, 0, 0),
(34, 34, '浦发银行', 'QYSPDB', 'SPDBspdbnucc104_DEPOSIT_DEBIT_EBANK_XBOX_MODEL', '/public/image/bank/spdb.png', '3', '2', 1581952771, 0, 0),
(35, 35, '广发银行', 'QYGDB', 'GDBgdbnucc104_DEPOSIT_DEBIT_EBANK_XBOX_MODEL', '/public/image/bank/gdb.png', '3', '2', 1581952771, 0, 0);

-- --------------------------------------------------------

--
-- 表的结构 `cnf_bank_bak`
--

CREATE TABLE IF NOT EXISTS `cnf_bank_bak` (
  `id` int(11) NOT NULL,
  `bank_code` varchar(16) DEFAULT NULL COMMENT '简码',
  `bank_name` varchar(64) DEFAULT NULL COMMENT '银行名称',
  `status` tinyint(2) DEFAULT '1' COMMENT '0或1',
  `sort` mediumint(9) DEFAULT '100' COMMENT '从小到大'
) ENGINE=InnoDB AUTO_INCREMENT=22 DEFAULT CHARSET=utf8 ROW_FORMAT=COMPACT;

--
-- 转存表中的数据 `cnf_bank_bak`
--

INSERT INTO `cnf_bank_bak` (`id`, `bank_code`, `bank_name`, `status`, `sort`) VALUES
(1, 'ICBC', '中国工商银行', 1, 100),
(2, 'ABC', '中国农业银行', 1, 100),
(3, 'BOC', '中国银行', 1, 100),
(4, 'CCB', '中国建设银行', 1, 100),
(5, 'COMM', '交通银行', 1, 100),
(6, 'CITIC', '中信银行', 1, 100),
(7, 'CEB', '中国光大银行', 1, 100),
(8, 'HXBANK', '华夏银行', 1, 100),
(9, 'CMBC', '中国民生银行', 1, 100),
(10, 'GDB', '广发银行', 1, 100),
(11, 'SDB', '深圳发展银行', 1, 100),
(12, 'CMB', '招商银行', 1, 100),
(13, 'CIB', '兴业银行', 1, 100),
(14, 'SPDB', '上海浦东发展银行', 1, 100),
(15, 'EGBANK', '恒丰银行', 1, 100),
(16, 'CZBANK', '浙商银行', 1, 100),
(17, 'BOHAIB', '渤海银行', 1, 100),
(18, 'PSBC', '中国邮政储蓄银行', 1, 100),
(19, 'BGB', '广西北部湾银行', 1, 100),
(20, 'HKBEA', '东亚银行', 1, 100),
(21, 'SPABANK', '平安银行', 1, 100);

-- --------------------------------------------------------

--
-- 表的结构 `cnf_card`
--

CREATE TABLE IF NOT EXISTS `cnf_card` (
  `id` int(11) NOT NULL,
  `uid` int(11) DEFAULT NULL,
  `province_id` int(11) DEFAULT '0',
  `city_id` int(11) DEFAULT '0',
  `bank_id` mediumint(9) DEFAULT NULL,
  `bank_account` varchar(32) DEFAULT NULL COMMENT '银行账号',
  `bank_realname` varchar(16) DEFAULT NULL COMMENT '持卡人姓名',
  `bank_phone` varchar(20) DEFAULT '' COMMENT '手机号',
  `bank_idcard` varchar(20) DEFAULT '' COMMENT '身份证号',
  `branch_name` varchar(128) DEFAULT NULL COMMENT '支行名称',
  `create_time` int(11) DEFAULT NULL,
  `wx_account` varchar(32) DEFAULT NULL COMMENT '微信账号',
  `wx_qrcode` varchar(128) DEFAULT NULL COMMENT '微信收款码',
  `zfb_account` varchar(32) DEFAULT NULL COMMENT '支付宝账号',
  `zfb_qrcode` varchar(128) DEFAULT NULL COMMENT '支付宝收款码'
) ENGINE=InnoDB AUTO_INCREMENT=18 DEFAULT CHARSET=utf8 ROW_FORMAT=COMPACT;

--
-- 转存表中的数据 `cnf_card`
--

INSERT INTO `cnf_card` (`id`, `uid`, `province_id`, `city_id`, `bank_id`, `bank_account`, `bank_realname`, `bank_phone`, `bank_idcard`, `branch_name`, `create_time`, `wx_account`, `wx_qrcode`, `zfb_account`, `zfb_qrcode`) VALUES
(7, 1, 0, 0, 2, '2222222222', '姓名22', '', '', NULL, 1610250196, NULL, NULL, NULL, NULL),
(8, 1, 0, 0, 5, '3333333333', '我是333', '', '', NULL, 1610250812, NULL, NULL, NULL, NULL),
(9, 1, 0, 0, 3, '4444444444', '哈哈444', '', '', NULL, 1610251141, NULL, NULL, NULL, NULL),
(10, 1, 0, 0, 2, '5555555555', '大哥55', '', '', NULL, 1610251212, NULL, NULL, NULL, NULL),
(11, 1661, 0, 0, 1, 'AAAAAAAAAAAAAAAAAAA', '我是AA', '', '', NULL, 1610252639, NULL, NULL, NULL, NULL),
(12, 1, 0, 0, 1, '11111111111', '管理员111', '', '', NULL, 1610252678, NULL, NULL, NULL, NULL),
(13, 1661, 0, 0, 5, 'COMM11111111111', '这是comm', '', '', NULL, 1610252720, NULL, NULL, NULL, NULL),
(14, 1665, 0, 0, 25, 'HXBANK1111111111', '华夏11', '', '', NULL, 1610252817, NULL, NULL, NULL, NULL),
(15, 1665, 0, 0, 8, 'CEB2222222222222222', '光大222', '', '', NULL, 1610252851, NULL, NULL, NULL, NULL),
(16, 1663, 0, 0, 6, 'CMB1111111111', '招行001', '', '', NULL, 1610266761, NULL, NULL, NULL, NULL),
(17, 1663, 0, 0, 2, 'CCB222222222222222', '建test', '', '', NULL, 1610270445, NULL, NULL, NULL, NULL);

-- --------------------------------------------------------

--
-- 表的结构 `cnf_cashlog_bklog`
--

CREATE TABLE IF NOT EXISTS `cnf_cashlog_bklog` (
  `id` int(11) NOT NULL,
  `cash_id` int(11) DEFAULT NULL COMMENT '提现记录id',
  `aid` int(11) DEFAULT NULL COMMENT '代理id',
  `money` decimal(16,2) DEFAULT NULL COMMENT '拨款金额',
  `status` tinyint(2) DEFAULT '1' COMMENT '1=待处理,2=已提交,3=已通过,4=不通过',
  `create_time` int(11) DEFAULT '0',
  `submit_time` int(11) DEFAULT '0',
  `check_time` int(11) DEFAULT '0',
  `remark` varchar(128) DEFAULT NULL COMMENT '备注',
  `banners` varchar(256) DEFAULT NULL COMMENT '凭证'
) ENGINE=InnoDB DEFAULT CHARSET=utf8mb4 ROW_FORMAT=DYNAMIC;

-- --------------------------------------------------------

--
-- 表的结构 `cnf_cash_log`
--

CREATE TABLE IF NOT EXISTS `cnf_cash_log` (
  `id` int(11) NOT NULL,
  `csn` varchar(32) DEFAULT NULL COMMENT '单号',
  `uid` int(11) DEFAULT NULL,
  `money` decimal(16,2) DEFAULT NULL,
  `real_money` decimal(16,2) DEFAULT '0.00' COMMENT '实到',
  `fee` decimal(16,2) DEFAULT '0.00',
  `dpay_money` decimal(16,2) DEFAULT '0.00' COMMENT '已拨款金额',
  `fpay_money` decimal(16,2) DEFAULT '0.00' COMMENT '已完成拨款金额',
  `ori_balance` decimal(16,2) DEFAULT NULL,
  `new_balance` decimal(16,2) DEFAULT NULL,
  `create_time` int(11) DEFAULT NULL,
  `create_day` int(11) DEFAULT NULL,
  `status` tinyint(2) DEFAULT '1' COMMENT '1待审核 2审核通过 3审核不通过 99已删除',
  `pay_status` tinyint(2) DEFAULT '1' COMMENT '1待支付 3已支付',
  `pay_time` int(11) DEFAULT '0',
  `card_id` int(11) DEFAULT NULL COMMENT '银行卡id',
  `bank_idcard` varchar(32) DEFAULT NULL,
  `bank_phone` varchar(16) DEFAULT NULL,
  `branch_name` varchar(255) DEFAULT NULL COMMENT '支行名字',
  `bank_account` varchar(32) DEFAULT NULL,
  `bank_realname` varchar(32) DEFAULT NULL,
  `par_msg` varchar(128) DEFAULT NULL,
  `remark` varchar(128) DEFAULT NULL,
  `check_id` int(11) DEFAULT '0',
  `check_time` int(11) DEFAULT '0',
  `card_info` text COMMENT '银行卡信息'
) ENGINE=InnoDB AUTO_INCREMENT=9 DEFAULT CHARSET=utf8 ROW_FORMAT=COMPACT;

--
-- 转存表中的数据 `cnf_cash_log`
--

INSERT INTO `cnf_cash_log` (`id`, `csn`, `uid`, `money`, `real_money`, `fee`, `dpay_money`, `fpay_money`, `ori_balance`, `new_balance`, `create_time`, `create_day`, `status`, `pay_status`, `pay_time`, `card_id`, `bank_idcard`, `bank_phone`, `branch_name`, `bank_account`, `bank_realname`, `par_msg`, `remark`, `check_id`, `check_time`, `card_info`) VALUES
(5, 'C202101101911074314', 1663, '713.00', '710.00', '3.00', '0.00', '0.00', '1573.00', '860.00', 1610277067, 20210110, 1, 3, 1610291430, 16, NULL, NULL, NULL, 'CMB1111111111', '招行001', NULL, NULL, 1, 1610291430, '{"id":"16","uid":"1663","province_id":"0","city_id":"0","bank_id":"12","bank_account":"CMB1111111111","bank_realname":"招行001","bank_phone":"","bank_idcard":"","branch_name":null,"create_time":"1610266761","wx_account":null,"wx_qrcode":null,"zfb_account":null,"zfb_qrcode":null,"bank_name":"招商银行","bank_code":"CMB"}'),
(6, 'C202101101924494555', 1663, '100.00', '97.00', '3.00', '0.00', '0.00', '860.00', '760.00', 1610277889, 20210110, 3, 3, 1610291428, 17, NULL, NULL, NULL, 'CCB222222222222222', '建test', NULL, NULL, 1, 1610292051, '{"id":"17","uid":"1663","province_id":"0","city_id":"0","bank_id":"4","bank_account":"CCB222222222222222","bank_realname":"建test","bank_phone":"","bank_idcard":"","branch_name":null,"create_time":"1610270445","wx_account":null,"wx_qrcode":null,"zfb_account":null,"zfb_qrcode":null,"bank_name":"中国建设银行","bank_code":"CCB"}'),
(7, 'C202101101958211830', 1663, '100.00', '97.00', '3.00', '0.00', '0.00', '760.00', '660.00', 1610279901, 20210110, 2, 3, 1610291502, 16, NULL, NULL, NULL, 'CMB1111111111', '招行001', NULL, NULL, 1, 1610291502, '{"id":"16","uid":"1663","province_id":"0","city_id":"0","bank_id":"12","bank_account":"CMB1111111111","bank_realname":"招行001","bank_phone":"","bank_idcard":"","branch_name":null,"create_time":"1610266761","wx_account":null,"wx_qrcode":null,"zfb_account":null,"zfb_qrcode":null,"bank_name":"招商银行","bank_code":"CMB"}'),
(8, 'C202101120125092816', 1663, '111.00', '108.00', '3.00', '0.00', '0.00', '771.00', '660.00', 1610385909, 20210112, 1, 1, 0, 17, NULL, NULL, NULL, 'CCB222222222222222', '建test', NULL, NULL, 0, 0, '{"id":"17","uid":"1663","province_id":"0","city_id":"0","bank_id":"4","bank_account":"CCB222222222222222","bank_realname":"建test","bank_phone":"","bank_idcard":"","branch_name":null,"create_time":"1610270445","wx_account":null,"wx_qrcode":null,"zfb_account":null,"zfb_qrcode":null,"bank_name":"中国建设银行","bank_code":"CCB"}');

-- --------------------------------------------------------

--
-- 表的结构 `cnf_notice`
--

CREATE TABLE IF NOT EXISTS `cnf_notice` (
  `id` int(11) NOT NULL,
  `type` tinyint(2) DEFAULT NULL COMMENT '1码商新订单',
  `fkey` varchar(128) DEFAULT NULL COMMENT '关键数据',
  `create_time` int(11) DEFAULT NULL,
  `status` tinyint(2) DEFAULT '0' COMMENT '0待发 1发送失败 2发送成功',
  `send_time` int(11) DEFAULT '0',
  `send_msg` varchar(128) DEFAULT NULL COMMENT '发送返回消息',
  `remark` varchar(128) DEFAULT NULL
) ENGINE=InnoDB AUTO_INCREMENT=1291 DEFAULT CHARSET=utf8 ROW_FORMAT=DYNAMIC;

--
-- 转存表中的数据 `cnf_notice`
--

INSERT INTO `cnf_notice` (`id`, `type`, `fkey`, `create_time`, `status`, `send_time`, `send_msg`, `remark`) VALUES
(1217, 1, 'MS2020120920583529755', 1607518715, 2, 1607518716, '{"code":"1","msg":"发送通知成功","data":[]}', '新订单通知码商'),
(1218, 1, 'MS2020120922322057672', 1607524340, 2, 1607524340, '{"code":"1","msg":"发送通知成功","data":[]}', '新订单通知码商'),
(1219, 1, 'MS2020120922324890616', 1607524368, 2, 1607524368, '{"code":"1","msg":"发送通知成功","data":[]}', '新订单通知码商'),
(1220, 1, 'MS2020120922333922993', 1607524419, 2, 1607524420, '{"code":"1","msg":"发送通知成功","data":[]}', '新订单通知码商'),
(1221, 1, 'MS2020120922340730814', 1607524447, 2, 1607524448, '{"code":"1","msg":"发送通知成功","data":[]}', '新订单通知码商'),
(1222, 1, 'MS2020120922494558946', 1607525385, 2, 1607525386, '{"code":"1","msg":"发送通知成功","data":[]}', '新订单通知码商'),
(1223, 1, 'MS2020120923012928418', 1607526089, 2, 1607526092, '{"code":"1","msg":"发送通知成功","data":[]}', '新订单通知码商'),
(1224, 1, 'MS2020120923021724780', 1607526137, 2, 1607526138, '{"code":"1","msg":"发送通知成功","data":[]}', '新订单通知码商'),
(1225, 1, 'MS2020120923123943372', 1607526759, 2, 1607526760, '{"code":"1","msg":"发送通知成功","data":[]}', '新订单通知码商'),
(1226, 1, 'MS2020121000510262360', 1607532662, 2, 1607532664, '{"code":"1","msg":"发送通知成功","data":[]}', '新订单通知码商'),
(1227, 1, 'MS2020121000554349813', 1607532943, 2, 1607532944, '{"code":"1","msg":"发送通知成功","data":[]}', '新订单通知码商'),
(1228, 1, 'MS2020121000573157889', 1607533051, 2, 1607533053, '{"code":"1","msg":"发送通知成功","data":[]}', '新订单通知码商'),
(1229, 1, 'MS2020121001112637630', 1607533886, 2, 1607533888, '{"code":"1","msg":"发送通知成功","data":[]}', '新订单通知码商'),
(1230, 1, 'MS2020121001192812416', 1607534368, 2, 1607534370, '{"code":"1","msg":"发送通知成功","data":[]}', '新订单通知码商'),
(1231, 1, 'MS2020121001193617469', 1607534376, 2, 1607534377, '{"code":"1","msg":"发送通知成功","data":[]}', '新订单通知码商'),
(1232, 1, 'MS2020121001213777853', 1607534497, 2, 1607534498, '{"code":"1","msg":"发送通知成功","data":[]}', '新订单通知码商'),
(1233, 1, 'MS2020121001224381296', 1607534563, 2, 1607534565, '{"code":"1","msg":"发送通知成功","data":[]}', '新订单通知码商'),
(1234, 1, 'MS2020121001230672413', 1607534586, 2, 1607534587, '{"code":"1","msg":"发送通知成功","data":[]}', '新订单通知码商'),
(1235, 1, 'MS2020121001254859710', 1607534748, 2, 1607534750, '{"code":"1","msg":"发送通知成功","data":[]}', '新订单通知码商'),
(1236, 1, 'MS2020121001295670929', 1607534996, 2, 1607534997, '{"code":"1","msg":"发送通知成功","data":[]}', '新订单通知码商'),
(1237, 1, 'MS2020121001300581392', 1607535005, 2, 1607535007, '{"code":"1","msg":"发送通知成功","data":[]}', '新订单通知码商'),
(1238, 1, 'MS2020121001304920343', 1607535049, 2, 1607535050, '{"code":"1","msg":"发送通知成功","data":[]}', '新订单通知码商'),
(1239, 2, 'MS2020121001304920343', 1607535126, 2, 1607535126, '{"code":"1","msg":"通知成功","data":[]}', '确认成功通知支付用户'),
(1240, 2, 'MS2020121001192812416', 1607535167, 2, 1607535169, '{"code":"1","msg":"通知成功","data":[]}', '确认成功通知支付用户'),
(1241, 1, 'TS2020121001331548651', 1607535195, 2, 1607535197, '{"code":"1","msg":"发送通知成功","data":[]}', '测试订单通知码商'),
(1242, 1, 'MS2020121001343653742', 1607535276, 2, 1607535279, '{"code":"1","msg":"发送通知成功","data":[]}', '新订单通知码商'),
(1243, 1, 'MS2020121012370049354', 1607575020, 2, 1607575021, '{"code":"1","msg":"发送通知成功","data":[]}', '新订单通知码商'),
(1244, 1, 'MS2020121012371145402', 1607575031, 2, 1607575031, '{"code":"1","msg":"发送通知成功","data":[]}', '新订单通知码商'),
(1245, 1, 'MS2020121012372282413', 1607575042, 2, 1607575044, '{"code":"1","msg":"发送通知成功","data":[]}', '新订单通知码商'),
(1246, 1, 'MS2020121012382048429', 1607575100, 2, 1607575102, '{"code":"1","msg":"发送通知成功","data":[]}', '新订单通知码商'),
(1247, 1, 'MS2020121012383326901', 1607575113, 2, 1607575115, '{"code":"1","msg":"发送通知成功","data":[]}', '新订单通知码商'),
(1248, 1, 'MS2020121012390161480', 1607575141, 2, 1607575143, '{"code":"1","msg":"发送通知成功","data":[]}', '新订单通知码商'),
(1249, 1, 'MS2020121014385748140', 1607582337, 2, 1607582338, '{"code":"-1","msg":"该码商不在线","data":[]}', '新订单通知码商'),
(1250, 1, 'MS2020121014465833091', 1607582818, 2, 1607582819, '{"code":"1","msg":"发送通知成功","data":[]}', '新订单通知码商'),
(1251, 1, 'MS2020121014471195152', 1607582831, 2, 1607582832, '{"code":"1","msg":"发送通知成功","data":[]}', '新订单通知码商'),
(1252, 2, 'MS2020121014465833091', 1607583462, 2, 1607583463, '{"code":"1","msg":"通知成功","data":[]}', '确认成功通知支付用户'),
(1253, 1, 'MS2020121019492796952', 1607600967, 2, 1607600968, '{"code":"1","msg":"发送通知成功","data":[]}', '新订单通知码商'),
(1254, 1, 'MS2020121019510844065', 1607601068, 2, 1607601068, '{"code":"1","msg":"发送通知成功","data":[]}', '新订单通知码商'),
(1255, 1, 'MS2020121019532769146', 1607601207, 2, 1607601207, '{"code":"1","msg":"发送通知成功","data":[]}', '新订单通知码商'),
(1256, 1, 'MS2020121019552484718', 1607601324, 2, 1607601325, '{"code":"1","msg":"发送通知成功","data":[]}', '新订单通知码商'),
(1257, 2, 'MS2020121019552484718', 1607601522, 2, 1607601525, '{"code":"1","msg":"通知成功","data":[]}', '确认成功通知支付用户'),
(1258, 2, 'MS2020121019532769146', 1607601530, 2, 1607601532, '{"code":"1","msg":"通知成功","data":[]}', '确认成功通知支付用户'),
(1259, 2, 'MS2020121019510844065', 1607601537, 2, 1607601539, '{"code":"1","msg":"通知成功","data":[]}', '确认成功通知支付用户'),
(1260, 1, 'MS2020121020011460632', 1607601674, 2, 1607601675, '{"code":"1","msg":"发送通知成功","data":[]}', '新订单通知码商'),
(1261, 1, 'MS2020121020014020085', 1607601700, 2, 1607601703, '{"code":"1","msg":"发送通知成功","data":[]}', '新订单通知码商'),
(1262, 1, 'MS2020121020023891951', 1607601758, 2, 1607601761, '{"code":"1","msg":"发送通知成功","data":[]}', '新订单通知码商'),
(1263, 2, 'MS2020121020023891951', 1607601845, 2, 1607601846, '{"code":"1","msg":"通知成功","data":[]}', '确认成功通知支付用户'),
(1264, 2, 'MS2020121020014020085', 1607601852, 2, 1607601853, '{"code":"1","msg":"通知成功","data":[]}', '确认成功通知支付用户'),
(1265, 2, 'MS2020121020011460632', 1607601859, 2, 1607601860, '{"code":"1","msg":"通知成功","data":[]}', '确认成功通知支付用户'),
(1266, 1, 'MS2020121020050580006', 1607601905, 2, 1607601906, '{"code":"1","msg":"发送通知成功","data":[]}', '新订单通知码商'),
(1267, 1, 'MS2020121020053944118', 1607601939, 2, 1607601940, '{"code":"1","msg":"发送通知成功","data":[]}', '新订单通知码商'),
(1268, 1, 'MS2020121020055751640', 1607601957, 2, 1607601959, '{"code":"1","msg":"发送通知成功","data":[]}', '新订单通知码商'),
(1269, 1, 'MS2020121020095279113', 1607602192, 2, 1607602194, '{"code":"1","msg":"发送通知成功","data":[]}', '新订单通知码商'),
(1270, 1, 'MS2020121020100186787', 1607602201, 2, 1607602201, '{"code":"1","msg":"发送通知成功","data":[]}', '新订单通知码商'),
(1271, 1, 'MS2020121020101254037', 1607602212, 2, 1607602214, '{"code":"1","msg":"发送通知成功","data":[]}', '新订单通知码商'),
(1272, 1, 'MS2020121020441344827', 1607604253, 2, 1607604255, '{"code":"1","msg":"发送通知成功","data":[]}', '新订单通知码商'),
(1273, 1, 'TS2020121118325685805', 1607682776, 2, 1607682779, '{"code":"1","msg":"发送通知成功","data":[]}', '测试订单通知码商'),
(1274, 2, 'TS2020121118325685805', 1607682806, 2, 1607682807, '{"code":"-1","msg":"该订单对应客户端已下线","data":[]}', '确认成功通知支付用户'),
(1275, 2, 'MS2020121020441344827', 1607682882, 2, 1607682883, '{"code":"1","msg":"通知成功","data":[]}', '确认成功通知支付用户'),
(1276, 1, 'TS2020121118361145942', 1607682971, 2, 1607682971, '{"code":"1","msg":"发送通知成功","data":[]}', '测试订单通知码商'),
(1277, 2, 'TS2020121118361145942', 1607682982, 2, 1607682984, '{"code":"-1","msg":"该订单对应客户端已下线","data":[]}', '确认成功通知支付用户'),
(1278, 1, 'TS2020121118364989068', 1607683009, 2, 1607683012, '{"code":"1","msg":"发送通知成功","data":[]}', '测试订单通知码商'),
(1279, 1, 'MS2020121219575391190', 1607774273, 2, 1607774273, '{"code":"1","msg":"发送通知成功","data":[]}', '新订单通知码商'),
(1280, 1, 'MS2020121220042312861', 1607774663, 2, 1607774664, '{"code":"1","msg":"发送通知成功","data":[]}', '新订单通知码商'),
(1281, 2, 'MS2020121220042312861', 1607774706, 2, 1607774707, '{"code":"1","msg":"通知成功","data":[]}', '确认成功通知支付用户'),
(1282, 2, 'MS2020121219575391190', 1607774713, 2, 1607774714, '{"code":"1","msg":"通知成功","data":[]}', '确认成功通知支付用户'),
(1283, 1, 'MS2020121220061797390', 1607774777, 2, 1607774778, '{"code":"1","msg":"发送通知成功","data":[]}', '新订单通知码商'),
(1284, 1, 'MS2020121220075639499', 1607774876, 2, 1607774878, '{"code":"1","msg":"发送通知成功","data":[]}', '新订单通知码商'),
(1285, 2, 'MS2020121220075639499', 1607774926, 2, 1607774927, '{"code":"1","msg":"通知成功","data":[]}', '确认成功通知支付用户'),
(1286, 2, 'MS2020121220061797390', 1607774933, 2, 1607774934, '{"code":"1","msg":"通知成功","data":[]}', '确认成功通知支付用户'),
(1287, 1, 'MS2020121220130033696', 1607775180, 2, 1607775182, '{"code":"1","msg":"发送通知成功","data":[]}', '新订单通知码商'),
(1288, 1, 'MS2020121220135440976', 1607775234, 2, 1607775237, '{"code":"1","msg":"发送通知成功","data":[]}', '新订单通知码商'),
(1289, 1, 'MS2020121314353763366', 1607841337, 2, 1607841338, '{"code":"1","msg":"发送通知成功","data":[]}', '新订单通知码商'),
(1290, 1, 'MS2020121400301612540', 1607877016, 2, 1607877017, '{"code":"1","msg":"发送通知成功","data":[]}', '新订单通知码商');

-- --------------------------------------------------------

--
-- 表的结构 `cnf_paylog`
--

CREATE TABLE IF NOT EXISTS `cnf_paylog` (
  `id` int(11) NOT NULL,
  `aid` int(11) DEFAULT '0' COMMENT '代理用户id',
  `uid` int(11) DEFAULT NULL COMMENT '用户id',
  `money` decimal(16,2) DEFAULT '0.00' COMMENT '金额',
  `ori_balance` decimal(16,2) DEFAULT '0.00',
  `new_balance` decimal(16,2) DEFAULT '0.00',
  `order_sn` varchar(32) DEFAULT NULL COMMENT '订单号',
  `skbank_id` varchar(32) DEFAULT NULL,
  `pay_status` tinyint(2) DEFAULT '1' COMMENT '1待支付 2已提交 3已确认',
  `pay_time` int(11) DEFAULT '0' COMMENT '支付时间',
  `create_time` int(11) DEFAULT '0' COMMENT '创建时间',
  `tj_time` int(11) DEFAULT NULL COMMENT '提交截图时间',
  `check_time` int(11) DEFAULT '0',
  `check_id` int(11) DEFAULT '0',
  `check_remark` varchar(128) DEFAULT NULL,
  `pay_account` varchar(32) DEFAULT NULL,
  `pay_realname` varchar(32) DEFAULT NULL,
  `remark` varchar(128) DEFAULT NULL COMMENT '用户提交备注',
  `banners` varchar(256) DEFAULT NULL COMMENT '凭证图片',
  `pay_order_sn` varchar(32) DEFAULT NULL COMMENT '外部单号',
  `pay_msg` varchar(255) DEFAULT NULL COMMENT '回调信息',
  `skbank` text
) ENGINE=InnoDB DEFAULT CHARSET=utf8 ROW_FORMAT=DYNAMIC;

-- --------------------------------------------------------

--
-- 表的结构 `cnf_paytype`
--

CREATE TABLE IF NOT EXISTS `cnf_paytype` (
  `id` int(11) NOT NULL,
  `ptype` varchar(16) DEFAULT NULL COMMENT '支付方式',
  `name` varchar(32) DEFAULT NULL COMMENT '名称',
  `aname` varchar(32) DEFAULT NULL COMMENT '别称',
  `is_pass` tinyint(2) DEFAULT '0' COMMENT '是否需要通道',
  `is_open` tinyint(2) DEFAULT '0' COMMENT '是否开放',
  `is_qrcode` tinyint(2) DEFAULT '0' COMMENT '是否使用二维码支付',
  `is_default` tinyint(2) DEFAULT '0' COMMENT '默认勾选',
  `is_form` tinyint(2) DEFAULT '0' COMMENT '是否使用表单提交',
  `sort` mediumint(8) DEFAULT '100',
  `cover` varchar(128) DEFAULT NULL COMMENT '图标',
  `banner` varchar(128) DEFAULT NULL COMMENT '弹出图片',
  `create_time` int(11) DEFAULT NULL
) ENGINE=InnoDB DEFAULT CHARSET=utf8 ROW_FORMAT=DYNAMIC;

-- --------------------------------------------------------

--
-- 表的结构 `cnf_pc`
--

CREATE TABLE IF NOT EXISTS `cnf_pc` (
  `id` int(11) NOT NULL,
  `pid` int(11) DEFAULT NULL,
  `cname` varchar(64) DEFAULT NULL,
  `ename` varchar(64) DEFAULT NULL
) ENGINE=InnoDB DEFAULT CHARSET=utf8 ROW_FORMAT=DYNAMIC;

--
-- 转存表中的数据 `cnf_pc`
--

INSERT INTO `cnf_pc` (`id`, `pid`, `cname`, `ename`) VALUES
(11, 0, '北京市', 'Beijing'),
(12, 0, '天津市', 'Tianjin'),
(13, 0, '河北省', 'Hebei'),
(14, 0, '山西省', 'Shanxi'),
(15, 0, '内蒙古', 'Mogolia'),
(21, 0, '辽宁省', 'Liaoning'),
(22, 0, '吉林省', 'Jilin'),
(23, 0, '黑龙江省', 'Heilongjiang'),
(31, 0, '上海市', 'Shanghai'),
(32, 0, '江苏省', 'Jiangsu'),
(33, 0, '浙江省', 'Zhejiang'),
(34, 0, '安徽省', 'Anhui'),
(35, 0, '福建省', 'Fujian'),
(36, 0, '江西省', 'Jiangxi'),
(37, 0, '山东省', 'Shandong'),
(41, 0, '河南省', 'Henan'),
(42, 0, '湖北省', 'Hubei'),
(43, 0, '湖南省', 'Hunan'),
(44, 0, '广东省', 'Guangdong'),
(45, 0, '广西', 'Guangxi'),
(46, 0, '海南省', 'Hainan'),
(50, 0, '重庆市', 'Chongqing'),
(51, 0, '四川省', 'Sichuan'),
(52, 0, '贵州省', 'Guizhou'),
(53, 0, '云南省', 'Yunnan'),
(54, 0, '西藏', 'Tibet'),
(61, 0, '陕西省', 'Shanxi'),
(62, 0, '甘肃省', 'Gansu'),
(63, 0, '青海省', 'Qinghai'),
(64, 0, '宁夏', 'Ningxia'),
(65, 0, '新疆', 'Xinjiang'),
(1000, 11, '北京市', 'Beijing'),
(1100, 12, '天津市', 'Tianjin'),
(1210, 13, '石家庄市', 'Shijiazhuang'),
(1240, 13, '唐山市', 'Tangshan'),
(1260, 13, '秦皇岛市', 'Qinhuangdao'),
(1270, 13, '邯郸市', 'Handan'),
(1310, 13, '邢台市', 'Xingtai'),
(1340, 13, '保定市', 'Baoding'),
(1380, 13, '张家口市', 'Zhangjiakou'),
(1410, 13, '承德市', 'Chengde'),
(1430, 13, '沧州市', 'Cangzhou'),
(1460, 13, '廊坊市', 'Langfang'),
(1480, 13, '衡水市', 'Hengshui'),
(1610, 14, '太原市', 'Taiyuan'),
(1620, 14, '大同市', 'Datong'),
(1630, 14, '阳泉市', 'Yangquan'),
(1640, 14, '长治市', 'Changzhi'),
(1680, 14, '晋城市', 'Jingcheng'),
(1690, 14, '朔州市', 'Shuozhou'),
(1710, 14, '忻州市', 'Xinzhou'),
(1730, 14, '吕梁市', 'Lvliang'),
(1750, 14, '晋中市', 'Jingzhong'),
(1770, 14, '临汾市', 'Linfeng'),
(1810, 14, '运城市', 'Yuncheng'),
(1910, 15, '呼和浩特市', 'Hohhot'),
(1920, 15, '包头市', 'Baotou'),
(1930, 15, '乌海市', 'Wuhai'),
(1940, 15, '赤峰市', 'Chifeng'),
(1960, 15, '呼伦贝尔市', 'Hulunbeier'),
(1980, 15, '兴安盟', 'Hinggan'),
(1990, 15, '通辽市', 'Tongliao'),
(2010, 15, '锡林郭勒盟', 'Xilin'),
(2030, 15, '乌兰察布市', 'Ulanqab'),
(2050, 15, '鄂尔多斯市', 'Erdos'),
(2070, 15, '巴彦淖尔市', 'Bayan'),
(2080, 15, '阿拉善盟', 'Alxa'),
(2210, 21, '沈阳市', 'Shenyang'),
(2220, 21, '大连市', 'Dalian'),
(2230, 21, '鞍山市', 'Anshan'),
(2240, 21, '抚顺市', 'Fushun'),
(2250, 21, '本溪市', 'Benxi'),
(2260, 21, '丹东市', 'Dandong'),
(2270, 21, '锦州市', 'Jinzhou'),
(2276, 21, '葫芦岛市', 'Huludao'),
(2280, 21, '营口市', 'Yingkou'),
(2290, 21, '阜新市', 'Fuxin'),
(2310, 21, '辽阳市', 'Liaoyang'),
(2320, 21, '盘锦市', 'Panjing'),
(2330, 21, '铁岭市', 'Tieling'),
(2340, 21, '朝阳市', 'Chaoyang'),
(2410, 22, '长春市', 'Changchun'),
(2420, 22, '吉林市', 'Jilin'),
(2430, 22, '四平市', 'Siping'),
(2440, 22, '辽源市', 'Liaoyuan'),
(2450, 22, '通化市', 'Tonghua'),
(2460, 22, '白山市', 'Baishan'),
(2470, 22, '白城市', 'Baicheng'),
(2490, 22, '延边朝鲜族自治州', 'Yanbian'),
(2520, 22, '松原市', 'Songyuan'),
(2610, 23, '哈尔滨市', 'Harbin'),
(2640, 23, '齐齐哈尔市', 'Qiqihar'),
(2650, 23, '大庆市', 'Daqing'),
(2660, 23, '鸡西市', 'Jixi'),
(2670, 23, '鹤岗市', 'Hegang'),
(2680, 23, '双鸭山市', 'Shuangyashan'),
(2690, 23, '佳木斯市', 'Jiamusi'),
(2710, 23, '伊春市', 'Yichun'),
(2720, 23, '牡丹江市', 'Mudanjiang'),
(2740, 23, '七台河市', 'Qitaihe'),
(2760, 23, '绥化市', 'Suihua'),
(2780, 23, '黑河市', 'Heihe'),
(2790, 23, '大兴安岭地区', 'Daxinganling'),
(2900, 31, '上海市', 'Shanghai'),
(3010, 32, '南京市', 'Nanjing'),
(3020, 32, '无锡市', 'Wuxi'),
(3030, 32, '徐州市', 'Xuzhou'),
(3040, 32, '常州市', 'Changzhou'),
(3050, 32, '苏州市', 'Suzhou'),
(3060, 32, '南通市', 'Nantong'),
(3070, 32, '连云港市', 'Lianyungang'),
(3080, 32, '淮安市', 'Huai'),
(3090, 32, '宿迁市', 'Suqian'),
(3110, 32, '盐城市', 'Yancheng'),
(3120, 32, '扬州市', 'Yangzhou'),
(3128, 32, '泰州市', 'Taizhou'),
(3140, 32, '镇江市', 'Zhenjiang'),
(3310, 33, '杭州市', 'Hangzhou'),
(3320, 33, '宁波市', 'Ningbo'),
(3330, 33, '温州市', 'Wenzhou'),
(3350, 33, '嘉兴市', 'Jiaxing'),
(3360, 33, '湖州市', 'Huzhou'),
(3370, 33, '绍兴市', 'Shaoxing'),
(3380, 33, '金华市', 'Jinhua'),
(3410, 33, '衢州市', 'Quzhou'),
(3420, 33, '舟山市', 'Zhoushan'),
(3430, 33, '丽水市', 'Lishui'),
(3450, 33, '台州市', 'Taizhou'),
(3610, 34, '合肥市', 'Hefei'),
(3620, 34, '芜湖市', 'Wuhu'),
(3630, 34, '蚌埠市', 'Bengbu'),
(3640, 34, '淮南市', 'Huainan'),
(3650, 34, '马鞍山市', 'Ma’anshan'),
(3660, 34, '淮北市', 'Huaibei'),
(3670, 34, '铜陵市', 'Tongling'),
(3680, 34, '安庆市', 'Anqing'),
(3710, 34, '黄山市', 'Huangshan'),
(3720, 34, '阜阳市', 'Fuyang'),
(3722, 34, '亳州市', 'Bozhou'),
(3740, 34, '宿州市', 'Suzhou'),
(3750, 34, '滁州市', 'Chuzhou'),
(3760, 34, '六安市', 'Liu’an'),
(3771, 34, '宣城市', 'Xuancheng'),
(3781, 34, '巢湖市', 'Chaohu'),
(3790, 34, '池州市', 'Chizhou'),
(3910, 35, '福州市', 'Fuzhou'),
(3930, 35, '厦门市', 'Xiamen'),
(3940, 35, '莆田市', 'Putian'),
(3950, 35, '三明市', 'Sanming'),
(3970, 35, '泉州市', 'Quanzhou'),
(3990, 35, '漳州市', 'Zhangzhou'),
(4010, 35, '南平市', 'Nanping'),
(4030, 35, '宁德市', 'Ningde'),
(4050, 35, '龙岩市', 'Longyan'),
(4210, 36, '南昌市', 'Nanchang'),
(4220, 36, '景德镇市', 'Jingdezhen'),
(4230, 36, '萍乡市', 'Pingxiang'),
(4240, 36, '九江市', 'Jiujiang'),
(4260, 36, '新余市', 'Xinyu'),
(4270, 36, '鹰潭市', 'Yingtan'),
(4280, 36, '赣州市', 'Ganzhou'),
(4310, 36, '宜春市', 'Yichun'),
(4330, 36, '上饶市', 'Shangrao'),
(4350, 36, '吉安市', 'Ji’an'),
(4370, 36, '抚州市', 'Fuzhou'),
(4510, 37, '济南市', 'Jinan'),
(4520, 37, '青岛市', 'Qingdao'),
(4530, 37, '淄博市', 'Zibo'),
(4540, 37, '枣庄市', 'Zaozhuang'),
(4550, 37, '东营市', 'Dongying'),
(4560, 37, '烟台市', 'Yantai'),
(4580, 37, '潍坊市', 'Weifang'),
(4610, 37, '济宁市', 'Jining'),
(4630, 37, '泰安市', 'Tai’an'),
(4634, 37, '莱芜市', 'Laiwu'),
(4650, 37, '威海市', 'Weihai'),
(4660, 37, '滨州市', 'Binzhou'),
(4680, 37, '德州市', 'Dezhou'),
(4710, 37, '聊城市', 'Liaocheng'),
(4730, 37, '临沂市', 'Linyi'),
(4732, 37, '日照市', 'Rizhao'),
(4750, 37, '菏泽市', 'Heze'),
(4910, 41, '郑州市', 'Zhengzhou'),
(4920, 41, '开封市', 'Kaifeng'),
(4930, 41, '洛阳市', 'Luoyang'),
(4950, 41, '平顶山市', 'Pingdingshan'),
(4960, 41, '安阳市', 'Anyang'),
(4970, 41, '鹤壁市', 'Hebi'),
(4980, 41, '新乡市', 'Xinxiang'),
(5010, 41, '焦作市', 'Jiaozuo'),
(5020, 41, '濮阳市', 'Puyang'),
(5030, 41, '许昌市', 'Xuchang'),
(5040, 41, '漯河市', 'Luohe'),
(5050, 41, '三门峡市', 'Sanmenxia'),
(5060, 41, '商丘市', 'Shangqiu'),
(5080, 41, '周口市', 'Zhoukou'),
(5110, 41, '驻马店市', 'Zhumendian'),
(5130, 41, '南阳市', 'Nanyang'),
(5150, 41, '信阳市', 'Xinyang'),
(5210, 42, '武汉市', 'Wuhan'),
(5220, 42, '黄石市', 'Huangshi'),
(5230, 42, '十堰市', 'Shiyan'),
(5260, 42, '宜昌市', 'Yichang'),
(5280, 42, '襄樊市', 'Xiangfan'),
(5286, 42, '随州市', 'Suizhou'),
(5310, 42, '鄂州市', 'Ezhou'),
(5320, 42, '荆门市', 'Jinmen'),
(5330, 42, '黄冈市', 'Huanggang'),
(5350, 42, '孝感市', 'Xiaogan'),
(5360, 42, '咸宁市', 'Xianning'),
(5370, 42, '荆州市', 'Jinzhou'),
(5410, 42, '恩施州', 'Enshi'),
(5510, 43, '长沙市', 'Changsha'),
(5520, 43, '株州市', 'Zhuzhou'),
(5530, 43, '湘潭市', 'Xiangtan'),
(5540, 43, '衡阳市', 'Hengyang'),
(5550, 43, '邵阳市', 'Shaoyang'),
(5570, 43, '岳阳市', 'Yueyang'),
(5580, 43, '常德市', 'Changde'),
(5590, 43, '张家界市', 'Zhangjiajie'),
(5610, 43, '益阳市', 'Yiyang'),
(5620, 43, '娄底市', 'Loudi'),
(5630, 43, '郴州市', 'Chenzhou'),
(5650, 43, '永州市', 'Yongzhou'),
(5670, 43, '怀化市', 'Huaihua'),
(5690, 43, '吉首市', 'Jishou'),
(5810, 44, '广州市', 'Guangzhou'),
(5820, 44, '韶关市', 'Shaoguan'),
(5840, 44, '深圳市', 'Shenzhen'),
(5850, 44, '珠海市', 'Zhuhai'),
(5860, 44, '汕头市', 'Shantou'),
(5865, 44, '揭阳市', 'Jieyang'),
(5869, 44, '潮州市', 'Chaozhou'),
(5880, 44, '佛山市', 'Foshan'),
(5890, 44, '江门市', 'Jiangmen'),
(5910, 44, '湛江市', 'Zhanjiang'),
(5920, 44, '茂名市', 'Maoming'),
(5930, 44, '肇庆市', 'Zhaoqing'),
(5937, 44, '云浮市', 'Yunfu'),
(5950, 44, '惠州市', 'Huizhou'),
(5960, 44, '梅州市', 'Meizhou'),
(5970, 44, '汕尾市', 'Shanwei'),
(5980, 44, '河源市', 'Heyuan'),
(5990, 44, '阳江市', 'Yangjiang'),
(6010, 44, '清远市', 'Qingyuan'),
(6020, 44, '东莞市', 'Dongguan'),
(6030, 44, '中山市', 'Zhongshan'),
(6110, 45, '南宁市', 'Nanning'),
(6128, 45, '崇左市', 'Chongzuo'),
(6140, 45, '柳州市', 'Liuzhou'),
(6155, 45, '来宾市', 'Laibing'),
(6170, 45, '桂林市', 'Guilin'),
(6210, 45, '梧州市', 'Wuzhou'),
(6225, 45, '贺州市', 'Hezhou'),
(6230, 45, '北海市', 'Beihai'),
(6240, 45, '玉林市', 'Yulin'),
(6242, 45, '贵港市', 'Guigang'),
(6261, 45, '百色市', 'Baise'),
(6281, 45, '河池市', 'Hechi'),
(6311, 45, '钦州市', 'Qingzhou'),
(6330, 45, '防城港市', 'Fangchenggang'),
(6410, 46, '海口市', 'Haikou'),
(6420, 46, '三亚市', 'Sanya'),
(6510, 51, '成都市', 'Chengdu'),
(6530, 50, '重庆市', 'Chongqing'),
(6550, 51, '自贡市', 'Zigong'),
(6560, 51, '攀枝花市', 'Panzhihua'),
(6570, 51, '泸州市', 'Luzhou'),
(6580, 51, '德阳市', 'Deyang'),
(6590, 51, '绵阳市', 'Mianyang'),
(6610, 51, '广元市', 'Guangyuan'),
(6620, 51, '遂宁市', 'Suining'),
(6630, 51, '内江市', 'Neijiang'),
(6636, 51, '资阳市', 'Ziyang'),
(6650, 51, '乐山市', 'Leshan'),
(6652, 51, '眉山市', 'Meishan'),
(6670, 50, '万州区', 'Wanzhou'),
(6690, 50, '涪陵区', 'Fuling'),
(6710, 51, '宜宾市', 'Yibing'),
(6730, 51, '南充市', 'Nanchong'),
(6737, 51, '广安市', 'Guang’an'),
(6750, 51, '达州市', 'Dazhou'),
(6758, 51, '巴中市', 'Bazhong'),
(6770, 51, '雅安市', 'Ya’an'),
(6790, 51, '阿坝藏族羌族自治州', 'Aba'),
(6810, 51, '甘孜藏族自治州', 'Garze'),
(6840, 51, '凉山彝族自治州', 'Yi'),
(6870, 50, '黔江区', 'Qianjiang'),
(7010, 52, '贵阳市', 'Guiyang'),
(7020, 52, '六盘水市', 'Liupanshui'),
(7030, 52, '遵义市', 'Zunyi'),
(7050, 52, '铜仁地区', 'Tongren'),
(7070, 52, '黔西南州', 'Qianxinan'),
(7090, 52, '毕节地区', 'Bijie'),
(7110, 52, '安顺市', 'Anshun'),
(7130, 52, '黔东南州', 'Qiandongnan'),
(7150, 52, '黔南州', 'Qianan'),
(7310, 53, '昆明市', 'Kunming'),
(7340, 53, '昭通市', 'Zhaotong'),
(7360, 53, '曲靖市', 'Qujing'),
(7380, 53, '楚雄市', 'Chuxiong'),
(7410, 53, '玉溪市', 'Yuxi'),
(7430, 53, '红河哈尼族彝族自治州', 'Honghe'),
(7450, 53, '文山壮族苗族自治州', 'Wenshan'),
(7470, 53, '思茅市', 'Simao'),
(7490, 53, '西双版纳傣族自治州', 'Xishuangbanna'),
(7510, 53, '大理白族自治州', 'Dali'),
(7530, 53, '保山市', 'Baoshan'),
(7540, 53, '德宏傣族景颇族自治州', 'Dehong'),
(7550, 53, '丽江市', 'Lijiang'),
(7560, 53, '怒江傈僳族自治州', 'Nujiang'),
(7570, 53, '迪庆藏族自治州', 'Diqing'),
(7580, 53, '临沧市', 'Lincang'),
(7700, 54, '拉萨市', 'Lhasa'),
(7720, 54, '昌都地区', 'Changdu'),
(7740, 54, '山南地区', 'Shannan'),
(7760, 54, '日喀则地区', 'Shigatse'),
(7790, 54, '那曲地区', 'Naqu'),
(7811, 54, '阿里地区', 'Ali'),
(7830, 54, '林芝地区', 'Linzhi'),
(7910, 61, '西安市', 'Xi’an'),
(7920, 61, '铜川市', 'Tongchuan'),
(7930, 61, '宝鸡市', 'Baoji'),
(7950, 61, '咸阳市', 'Xianyang'),
(7970, 61, '渭南市', 'Weinan'),
(7990, 61, '汉中市', 'Hanzhong'),
(8010, 61, '安康市', 'Ankang'),
(8030, 61, '商洛市', 'Shangluo'),
(8040, 61, '延安市', 'Yan’an'),
(8060, 61, '榆林市', 'Yulin'),
(8210, 62, '兰州市', 'Lanzhou'),
(8220, 62, '嘉峪关市', 'Jiayuguan'),
(8230, 62, '金昌市', 'Jinchang'),
(8240, 62, '白银市', 'Baiyin'),
(8250, 62, '天水市', 'Tianshui'),
(8260, 62, '酒泉市', 'Jiuquan'),
(8270, 62, '张掖市', 'Zhangye'),
(8280, 62, '武威市', 'Wuwei'),
(8290, 62, '定西市', 'Dingxi'),
(8310, 62, '陇南市', 'Longnan'),
(8330, 62, '平凉市', 'Pingliang'),
(8340, 62, '庆阳市', 'Qingyang'),
(8360, 62, '临夏州', 'Linxia'),
(8380, 62, '甘南州', 'Gannan'),
(8510, 63, '西宁市', 'Xining'),
(8520, 63, '海东地区', 'Haidong'),
(8540, 63, '海北藏族自治州', 'Haibei'),
(8550, 63, '黄南藏族自治州', 'Huangnan'),
(8560, 63, '海南藏族自治州', 'Hainan'),
(8570, 63, '果洛藏族自治州', 'Guoluo'),
(8580, 63, '玉树藏族自治州', 'Yushu'),
(8590, 63, '海西蒙古族藏族自治州', 'Haixi'),
(8710, 64, '银川市', 'Yinchuan'),
(8720, 64, '石嘴山市', 'Shizuishan'),
(8731, 64, '吴忠市', 'Wuzhong'),
(8733, 64, '中卫市', 'Zhongwei'),
(8741, 64, '固原市', 'Guyuan'),
(8810, 65, '乌鲁木齐市', 'Urumqi'),
(8820, 65, '克拉玛依市', 'Karamay'),
(8830, 65, '吐鲁番市', 'Turpan'),
(8840, 65, '哈密市', 'Hami'),
(8844, 65, '阿勒泰地区', 'Altay'),
(8850, 65, '昌吉回族自治州', 'Hui'),
(8870, 65, '博尔塔拉蒙古自治州', 'Bortala'),
(8880, 65, '巴音郭楞蒙古自治州', 'Bayingolin'),
(8910, 65, '阿克苏地区', 'Akesu'),
(8930, 65, '克孜勒苏柯尔克孜自治州', 'Kizilsu'),
(8940, 65, '喀什地区', 'Kashi'),
(8960, 65, '和田地区', 'Hotan'),
(8980, 65, '伊犁哈萨克自治州', 'Kazak'),
(9010, 65, '塔城地区', 'Tacheng'),
(9020, 65, '阿勒泰地区', 'Altay'),
(9028, 65, '石河子市', 'Shihezi');

-- --------------------------------------------------------

--
-- 表的结构 `cnf_reward_log`
--

CREATE TABLE IF NOT EXISTS `cnf_reward_log` (
  `id` int(11) NOT NULL,
  `uid` int(11) DEFAULT NULL,
  `order_id` int(11) DEFAULT NULL,
  `rate` varchar(8) DEFAULT NULL,
  `money` decimal(16,2) DEFAULT '0.00',
  `create_time` int(11) DEFAULT NULL,
  `create_day` int(255) DEFAULT NULL
) ENGINE=InnoDB DEFAULT CHARSET=utf8mb4 ROW_FORMAT=DYNAMIC;

-- --------------------------------------------------------

--
-- 表的结构 `shop_goods`
--

CREATE TABLE IF NOT EXISTS `shop_goods` (
  `id` int(11) NOT NULL,
  `name` varchar(64) DEFAULT NULL COMMENT '商品名称',
  `status` tinyint(2) DEFAULT '1' COMMENT '1待上架 2已上架 9已删除',
  `price` int(11) DEFAULT NULL COMMENT '积分单价',
  `tnum` int(11) DEFAULT '0' COMMENT '总数量',
  `qnum` varchar(255) DEFAULT '0' COMMENT '已兑换数量',
  `create_time` int(255) DEFAULT NULL COMMENT '创建时间',
  `ginfo` text COMMENT '商品详情',
  `banners` varchar(255) DEFAULT NULL COMMENT '商品封面图片 数组',
  `sort` mediumint(255) DEFAULT '500' COMMENT '从大到小',
  `create_id` int(11) DEFAULT NULL
) ENGINE=InnoDB DEFAULT CHARSET=utf8 ROW_FORMAT=DYNAMIC;

-- --------------------------------------------------------

--
-- 表的结构 `shop_goods_order`
--

CREATE TABLE IF NOT EXISTS `shop_goods_order` (
  `id` int(11) NOT NULL,
  `gid` int(11) DEFAULT NULL,
  `uid` int(11) DEFAULT NULL,
  `order_sn` varchar(32) DEFAULT NULL COMMENT '订单号',
  `g_name` varchar(128) DEFAULT NULL COMMENT '商品名称',
  `g_num` mediumint(9) DEFAULT '1' COMMENT '兑换数量 默认1',
  `g_price` int(10) DEFAULT NULL COMMENT '兑换积分价格',
  `g_banners` varchar(255) DEFAULT NULL COMMENT '商品封面图',
  `create_time` int(11) DEFAULT NULL COMMENT '兑换时间',
  `deliver_time` int(11) DEFAULT '0' COMMENT '发货时间',
  `receive_id` int(11) DEFAULT NULL COMMENT '收货信息id',
  `realname` varchar(64) DEFAULT NULL COMMENT '收货人姓名',
  `phone` varchar(16) DEFAULT NULL COMMENT '联系电话',
  `address` varchar(255) DEFAULT NULL COMMENT '收货地址',
  `status` tinyint(2) DEFAULT '0' COMMENT '0待发货 1已发货 2已签收 9已删除',
  `express_sn` varchar(64) DEFAULT NULL COMMENT '快递单号'
) ENGINE=InnoDB DEFAULT CHARSET=utf8 ROW_FORMAT=DYNAMIC;

-- --------------------------------------------------------

--
-- 表的结构 `sk_agent_hklog`
--

CREATE TABLE IF NOT EXISTS `sk_agent_hklog` (
  `id` int(11) NOT NULL,
  `aid` int(11) DEFAULT '0',
  `uid` int(11) DEFAULT NULL,
  `oid` int(11) DEFAULT '0' COMMENT '订单表的id',
  `osn` varchar(32) DEFAULT NULL COMMENT '订单表单号',
  `need_recover` tinyint(2) DEFAULT '0' COMMENT '是否需要恢复接单余额',
  `money` decimal(16,2) DEFAULT '0.00' COMMENT '回款金额',
  `ori_balance` decimal(16,2) DEFAULT '0.00',
  `new_balance` decimal(16,2) DEFAULT '0.00',
  `order_sn` varchar(32) DEFAULT NULL,
  `skbank_id` int(11) DEFAULT '0',
  `status` tinyint(2) DEFAULT '1' COMMENT '回款状态 1=待审核,2=已提交,3=已通过,4=未通过',
  `banners` text,
  `cover` varchar(128) DEFAULT NULL COMMENT '回款凭证',
  `check_time` int(11) DEFAULT '0' COMMENT '审核时间',
  `check_id` int(11) DEFAULT '0' COMMENT '审核者',
  `create_time` int(11) DEFAULT NULL,
  `tj_time` int(11) DEFAULT NULL,
  `update_time` int(11) DEFAULT '0',
  `pay_account` varchar(32) DEFAULT NULL,
  `pay_realname` varchar(32) DEFAULT NULL,
  `remark` varchar(255) DEFAULT NULL COMMENT '备注',
  `skbank` text
) ENGINE=InnoDB DEFAULT CHARSET=utf8 ROW_FORMAT=DYNAMIC;

-- --------------------------------------------------------

--
-- 表的结构 `sk_bank`
--

CREATE TABLE IF NOT EXISTS `sk_bank` (
  `id` int(11) NOT NULL,
  `uid` int(11) DEFAULT '0' COMMENT '所属用户id',
  `province_id` int(11) DEFAULT '0',
  `city_id` int(11) DEFAULT '0',
  `bank_id` int(11) DEFAULT NULL,
  `bank_account` varchar(32) DEFAULT NULL,
  `bank_realname` varchar(32) DEFAULT NULL,
  `branch_name` varchar(128) DEFAULT NULL COMMENT '开户支行',
  `max_tmoney` decimal(16,2) DEFAULT '0.00' COMMENT '最大收款额度',
  `now_tmoney` decimal(16,2) DEFAULT '0.00' COMMENT '当前已收款额度',
  `last_money` decimal(16,2) DEFAULT '0.00' COMMENT '最后收款额度',
  `status` tinyint(2) DEFAULT NULL COMMENT '1下线 2上线',
  `sort` mediumint(8) DEFAULT '100' COMMENT '排序值',
  `create_time` int(11) DEFAULT NULL,
  `cover` varchar(128) DEFAULT NULL
) ENGINE=InnoDB DEFAULT CHARSET=utf8mb4 ROW_FORMAT=DYNAMIC;

-- --------------------------------------------------------

--
-- 表的结构 `sk_channel`
--

CREATE TABLE IF NOT EXISTS `sk_channel` (
  `id` int(11) NOT NULL,
  `name` varchar(32) DEFAULT NULL,
  `type` tinyint(2) DEFAULT '1' COMMENT '类型 1基本 2二维码 3银行卡 4吱口令',
  `is_open` tinyint(2) DEFAULT '1',
  `sort` mediumint(8) DEFAULT '100',
  `min_money` decimal(16,2) DEFAULT '0.00',
  `max_money` decimal(16,2) DEFAULT '100000.00',
  `channel` varchar(64) CHARACTER SET utf8 DEFAULT NULL COMMENT '通道名称,factory模式用于创建对象',
  `pay_url` varchar(255) CHARACTER SET utf8 DEFAULT NULL COMMENT '下单地址',
  `query_url` varchar(255) CHARACTER SET utf8 DEFAULT NULL COMMENT '订单查询地址'
) ENGINE=InnoDB AUTO_INCREMENT=602 DEFAULT CHARSET=utf8mb4 ROW_FORMAT=COMPACT;

--
-- 转存表中的数据 `sk_channel`
--

INSERT INTO `sk_channel` (`id`, `name`, `type`, `is_open`, `sort`, `min_money`, `max_money`, `channel`, `pay_url`, `query_url`) VALUES
(101, '微信转手机', 1, 0, 100, '0.00', '100000.00', NULL, NULL, NULL),
(201, '支付宝扫码', 2, 0, 100, '0.00', '100000.00', 'alipay', NULL, NULL),
(202, '微信扫码', 2, 0, 100, '0.00', '100000.00', 'wechat', NULL, NULL),
(203, '云闪付', 2, 0, 100, '0.00', '100000.00', NULL, NULL, NULL),
(204, 'YB支付宝支付', 2, 1, 100, '0.00', '100000.00', 'alipay_to_yy', NULL, NULL),
(205, 'YB微信支付', 2, 1, 100, '0.00', '100000.00', 'wechat_to_yy', NULL, NULL),
(301, '银行卡转账', 3, 0, 100, '0.00', '100000.00', NULL, NULL, NULL),
(302, '微信银行卡', 3, 0, 100, '0.00', '100000.00', NULL, NULL, NULL),
(303, '网银转支付宝', 3, 1, 100, '0.00', '100000.00', 'bank_to_alipay', NULL, NULL),
(401, '吱口令', 4, 0, 100, '0.00', '100000.00', NULL, NULL, NULL),
(501, '支付宝转账码', 5, 0, 100, '0.00', '100000.00', NULL, NULL, NULL),
(601, '咸鱼代付', 6, 0, 100, '0.00', '100000.00', NULL, NULL, NULL);

-- --------------------------------------------------------

--
-- 表的结构 `sk_ma`
--

CREATE TABLE IF NOT EXISTS `sk_ma` (
  `id` int(11) NOT NULL,
  `ma` char(16) DEFAULT NULL,
  `uid` int(11) DEFAULT NULL COMMENT '所属用户',
  `province_id` int(11) DEFAULT '0' COMMENT '所属省份',
  `city_id` int(11) DEFAULT '0' COMMENT '所属城市',
  `mtype_id` int(11) DEFAULT NULL COMMENT '类型id',
  `ma_account` varchar(32) DEFAULT NULL COMMENT '支付宝 微信 银行卡账号',
  `ma_realname` varchar(32) DEFAULT NULL COMMENT '姓名',
  `ma_qrcode` varchar(128) DEFAULT NULL COMMENT '收款码',
  `ma_zkmoney` float(32,0) DEFAULT NULL,
  `ma_zkling` varchar(255) DEFAULT NULL COMMENT '吱口令',
  `ma_zfbuid` varchar(32) DEFAULT NULL,
  `bank_id` int(11) DEFAULT '0' COMMENT '开户行',
  `branch_name` varchar(128) DEFAULT NULL,
  `status` tinyint(2) DEFAULT NULL COMMENT '1下线 2上线 99删除',
  `apikey` varchar(64) DEFAULT NULL,
  `fz_time` int(11) DEFAULT '0',
  `mt_money` decimal(16,2) DEFAULT '0.00' COMMENT '最大总收款额度',
  `nt_money` decimal(16,2) DEFAULT '0.00' COMMENT '当前总收款额度',
  `min_money` decimal(16,2) DEFAULT '0.00',
  `max_money` decimal(16,2) DEFAULT '1000000.00',
  `queue_time` int(11) DEFAULT '0',
  `create_time` int(11) DEFAULT NULL,
  `ma_cookie` varchar(4096) CHARACTER SET utf8 DEFAULT NULL COMMENT 'yy cookie',
  `description` varchar(255) DEFAULT NULL COMMENT '关于二维码的描述'
) ENGINE=InnoDB AUTO_INCREMENT=100 DEFAULT CHARSET=utf8mb4 ROW_FORMAT=DYNAMIC;

--
-- 转存表中的数据 `sk_ma`
--

INSERT INTO `sk_ma` (`id`, `ma`, `uid`, `province_id`, `city_id`, `mtype_id`, `ma_account`, `ma_realname`, `ma_qrcode`, `ma_zkmoney`, `ma_zkling`, `ma_zfbuid`, `bank_id`, `branch_name`, `status`, `apikey`, `fz_time`, `mt_money`, `nt_money`, `min_money`, `max_money`, `queue_time`, `create_time`, `ma_cookie`, `description`) VALUES
(94, NULL, 1666, 0, 0, 204, 'ccc', 'bbb', NULL, NULL, NULL, NULL, 1, 'aaa', 2, NULL, 0, '0.00', '0.00', '0.00', '20000.00', 0, 1607437274, NULL, NULL),
(95, NULL, 1666, 0, 0, 204, 'test_code', 'lll', 'uploads/home/202012/b124566141e68696.jpeg', NULL, NULL, NULL, 0, NULL, 2, NULL, 0, '0.00', '0.00', '0.00', '888.00', 1607601700, 1607441336, NULL, NULL),
(96, NULL, 1666, 0, 0, 204, 'yyy', 'xxx', 'uploads/2020/12/09/5fcfa9854cc9d.jpg', NULL, NULL, NULL, 0, NULL, 2, NULL, 0, '0.00', '0.00', '0.00', '20000.00', 1607841337, 1607443102, NULL, NULL),
(97, NULL, 1666, 0, 0, 204, 'dddddd', '111', 'uploads/home/202012/8da652ced91c062b.jpeg', NULL, NULL, NULL, 0, NULL, 2, NULL, 0, '0.00', '0.00', '0.00', '777.00', 1607775234, 1607534716, NULL, NULL),
(98, NULL, 1666, 0, 0, 204, 'test_comm_12345', 'bbb', 'uploads/home/202012/64b30923ac4d6daf.jpeg', NULL, NULL, NULL, 0, NULL, 2, NULL, 0, '5000.00', '0.00', '0.00', '20000.00', 1607877016, 1607537325, 'test-cookie', NULL),
(99, NULL, 1666, 0, 0, 204, 'my-yy-ma001', NULL, NULL, NULL, NULL, NULL, 0, NULL, 2, NULL, 0, '7777.00', '0.00', '0.00', '20000.00', 0, 1609862467, 'my-test-cookie-001', NULL);

-- --------------------------------------------------------

--
-- 表的结构 `sk_matchlog`
--

CREATE TABLE IF NOT EXISTS `sk_matchlog` (
  `id` int(11) NOT NULL,
  `oid` int(11) DEFAULT NULL COMMENT '订单id',
  `ori_maid` int(11) DEFAULT NULL COMMENT '原码id',
  `new_maid` int(11) DEFAULT NULL,
  `create_id` int(11) DEFAULT NULL,
  `create_time` int(11) DEFAULT NULL
) ENGINE=InnoDB DEFAULT CHARSET=utf8mb4 ROW_FORMAT=DYNAMIC;

-- --------------------------------------------------------

--
-- 表的结构 `sk_ma_log`
--

CREATE TABLE IF NOT EXISTS `sk_ma_log` (
  `id` int(11) NOT NULL,
  `uid` int(11) DEFAULT NULL,
  `money` varchar(11) DEFAULT NULL,
  `create_time` int(11) DEFAULT NULL
) ENGINE=InnoDB DEFAULT CHARSET=utf8mb4 ROW_FORMAT=DYNAMIC;

-- --------------------------------------------------------

--
-- 表的结构 `sk_order`
--

CREATE TABLE IF NOT EXISTS `sk_order` (
  `id` int(10) unsigned NOT NULL,
  `order_sn` varchar(32) DEFAULT NULL,
  `out_order_sn` varchar(64) DEFAULT NULL COMMENT '商户订单号',
  `suid` int(11) DEFAULT NULL COMMENT '商户id',
  `ptype` smallint(4) DEFAULT '0' COMMENT '支付类型',
  `muid` int(11) DEFAULT '0' COMMENT '码商id',
  `ma_id` int(11) DEFAULT '0' COMMENT '使用码',
  `ma_account` varchar(32) DEFAULT NULL,
  `ma_realname` varchar(32) DEFAULT NULL,
  `ma_qrcode` varchar(128) DEFAULT NULL,
  `ma_bank_id` int(11) DEFAULT '0',
  `ma_branch_name` varchar(128) DEFAULT NULL,
  `ma_zkmoney` float(32,0) DEFAULT NULL,
  `ma_zkling` varchar(255) DEFAULT NULL,
  `ma_zfbuid` varchar(32) DEFAULT NULL,
  `money` decimal(16,2) DEFAULT NULL COMMENT '金额',
  `real_money` decimal(16,2) DEFAULT NULL COMMENT '应结算',
  `rate` varchar(8) DEFAULT NULL COMMENT '费率',
  `fee` decimal(16,2) DEFAULT '0.00' COMMENT '手续费',
  `pay_status` tinyint(2) DEFAULT '1' COMMENT '1待支付 2已提交 3已超时 4已取消 9已支付',
  `over_time` int(11) DEFAULT '0' COMMENT '超时时间',
  `cancel_time` int(11) DEFAULT '0' COMMENT '取消时间',
  `submit_time` int(11) DEFAULT '0' COMMENT '提交支付时间',
  `pay_time` int(11) DEFAULT '0',
  `pay_day` int(11) DEFAULT '0',
  `check_id` int(11) DEFAULT NULL,
  `create_time` int(11) DEFAULT NULL,
  `create_day` int(11) DEFAULT '0',
  `notice_status` tinyint(2) DEFAULT NULL COMMENT '1待通知 2未回复 3回复失败 4回复成功',
  `notice_msg` varchar(256) DEFAULT NULL,
  `js_status` tinyint(2) DEFAULT '1' COMMENT '1待结算 2已结算',
  `js_time` int(11) DEFAULT '0' COMMENT '结算时间',
  `hk_money` decimal(16,2) DEFAULT '0.00' COMMENT '应回款金额',
  `hk_status` tinyint(2) DEFAULT '0' COMMENT '0待回款 1已提交 3通过 4未通过',
  `hk_time` int(11) DEFAULT '0',
  `goods_desc` varchar(128) DEFAULT NULL COMMENT '商品描述',
  `order_ip` varchar(16) DEFAULT NULL,
  `notify_url` varchar(255) DEFAULT NULL COMMENT '异步回调地址',
  `return_url` varchar(255) DEFAULT NULL COMMENT '暂时不需要同步回调',
  `reffer_url` varchar(255) DEFAULT NULL,
  `is_test` tinyint(2) DEFAULT '0',
  `is_rebate` tinyint(2) DEFAULT '0' COMMENT '是否已返佣 0/1/2',
  `is_create` tinyint(2) DEFAULT '0',
  `rebate_time` int(11) DEFAULT '0' COMMENT '返佣时间'
) ENGINE=InnoDB AUTO_INCREMENT=1048 DEFAULT CHARSET=utf8mb4 ROW_FORMAT=DYNAMIC;

--
-- 转存表中的数据 `sk_order`
--

INSERT INTO `sk_order` (`id`, `order_sn`, `out_order_sn`, `suid`, `ptype`, `muid`, `ma_id`, `ma_account`, `ma_realname`, `ma_qrcode`, `ma_bank_id`, `ma_branch_name`, `ma_zkmoney`, `ma_zkling`, `ma_zfbuid`, `money`, `real_money`, `rate`, `fee`, `pay_status`, `over_time`, `cancel_time`, `submit_time`, `pay_time`, `pay_day`, `check_id`, `create_time`, `create_day`, `notice_status`, `notice_msg`, `js_status`, `js_time`, `hk_money`, `hk_status`, `hk_time`, `goods_desc`, `order_ip`, `notify_url`, `return_url`, `reffer_url`, `is_test`, `is_rebate`, `is_create`, `rebate_time`) VALUES
(1024, 'MS2020121019510844065', 'TS202012101951081304', 1670, 204, 1666, 98, 'test_comm_12345678', 'bbb', 'uploads/home/202012/64b30923ac4d6daf.jpeg', 0, '', NULL, '', '', '666.00', '642.69', '0.0350', '23.31', 9, 0, 0, 0, 1607601537, 20201210, 1650, 1607601068, 20201210, 4, 'success', 2, 1607601538, '642.69', 0, 0, 'buy', '117.152.78.161', 'http://www.wepay.fun/?c=Pay&a=notify_url', '', '', 0, 2, 0, 1607601538),
(1025, 'MS2020121019532769146', 'TS202012101953279369', 1670, 204, 1666, 95, 'test_code', 'lll', 'uploads/home/202012/b124566141e68696.jpeg', 0, '', NULL, '', '', '888.00', '856.92', '0.0350', '31.08', 9, 0, 0, 0, 1607601530, 20201210, 1650, 1607601207, 20201210, 4, 'success', 2, 1607601532, '856.92', 0, 0, 'buy', '117.152.78.161', 'http://www.wepay.fun/?c=Pay&a=notify_url', '', '', 0, 2, 0, 1607601532),
(1026, 'MS2020121019552484718', 'TS202012101955243737', 1670, 204, 1666, 96, 'yyy', 'xxx', 'uploads/2020/12/09/5fcfa9854cc9d.jpg', 0, '', NULL, '', '', '888.00', '856.92', '0.0350', '31.08', 9, 0, 0, 0, 1607601522, 20201210, 1650, 1607601324, 20201210, 4, 'success', 2, 1607601526, '877.34', 0, 0, 'buy', '117.152.78.161', 'http://www.wepay.fun/?c=Pay&a=notify_url', '', '', 0, 2, 0, 1607601526),
(1027, 'MS2020121020011460632', 'TS202012102001146338', 1670, 204, 1666, 98, 'test_comm_12345678', 'bbb', 'uploads/home/202012/64b30923ac4d6daf.jpeg', 0, '', NULL, '', '', '666.00', '642.69', '0.0350', '23.31', 2, 0, 0, 0, 1607601859, 20201210, 1650, 1607601674, 20201210, 4, 'success', 2, 1607601862, '642.69', 0, 0, 'buy', '117.152.78.161', 'http://www.wepay.fun/?c=Pay&a=notify_url', '', '', 0, 2, 0, 1607601862),
(1028, 'MS2020121020014020085', 'TS202012102001401060', 1670, 204, 1666, 95, 'test_code', 'lll', 'uploads/home/202012/b124566141e68696.jpeg', 0, '', NULL, '', '', '888.00', '856.92', '0.0350', '31.08', 2, 0, 0, 0, 1607601852, 20201210, 1650, 1607601700, 20201210, 4, 'success', 2, 1607601856, '856.92', 0, 0, 'buy', '117.152.78.161', 'http://www.wepay.fun/?c=Pay&a=notify_url', '', '', 0, 2, 0, 1607601856),
(1029, 'MS2020121020023891951', 'TS202012102002381478', 1670, 204, 1666, 96, 'yyy', 'xxx', 'uploads/2020/12/09/5fcfa9854cc9d.jpg', 0, '', NULL, '', '', '777.00', '749.81', '0.0350', '27.20', 1, 0, 0, 0, 1607601845, 20201210, 1650, 1607601758, 20201210, 4, 'success', 2, 1607601850, '767.68', 0, 0, 'buy', '117.152.78.161', 'http://www.wepay.fun/?c=Pay&a=notify_url', '', '', 0, 2, 0, 1607601850),
(1030, 'MS2020121020050580006', 'TS202012102005053756', 1670, 204, 1666, 97, '', '111', 'uploads/home/202012/8da652ced91c062b.jpeg', 0, '', NULL, '', '', '777.00', '749.81', '0.0350', '27.20', 1, 1607602508, 0, 0, 0, 0, NULL, 1607601905, 20201210, NULL, NULL, 1, 0, '0.00', 0, 0, 'buy', '117.152.78.161', 'http://www.wepay.fun/?c=Pay&a=notify_url', '', '', 0, 0, 0, 0),
(1031, 'MS2020121020053944118', 'TS202012102005393468', 1670, 204, 1666, 96, 'yyy', 'xxx', 'uploads/2020/12/09/5fcfa9854cc9d.jpg', 0, '', NULL, '', '', '777.00', '749.81', '0.0350', '27.20', 3, 1607602544, 0, 0, 0, 0, NULL, 1607601939, 20201210, NULL, NULL, 1, 0, '0.00', 0, 0, 'buy', '117.152.78.161', 'http://www.wepay.fun/?c=Pay&a=notify_url', '', '', 0, 0, 0, 0),
(1032, 'MS2020121020055751640', 'TS202012102005576215', 1670, 204, 1666, 98, 'test_comm_12345678', 'bbb', 'uploads/home/202012/64b30923ac4d6daf.jpeg', 0, '', NULL, '', '', '666.00', '642.69', '0.0350', '23.31', 3, 1607602560, 0, 0, 0, 0, NULL, 1607601957, 20201210, NULL, NULL, 1, 0, '0.00', 0, 0, 'buy', '117.152.78.161', 'http://www.wepay.fun/?c=Pay&a=notify_url', '', '', 0, 0, 0, 0),
(1033, 'MS2020121020095279113', 'TS202012102009527743', 1670, 204, 1666, 96, 'yyy', 'xxx', 'uploads/2020/12/09/5fcfa9854cc9d.jpg', 0, '', NULL, '', '', '10.00', '9.65', '0.0350', '0.35', 3, 1607602796, 0, 0, 0, 0, NULL, 1607602192, 20201210, NULL, NULL, 1, 0, '0.00', 0, 0, 'buy', '117.152.78.161', 'http://www.wepay.fun/?c=Pay&a=notify_url', '', '', 0, 0, 0, 0),
(1034, 'MS2020121020100186787', 'TS202012102010019347', 1670, 204, 1666, 96, 'yyy', 'xxx', 'uploads/2020/12/09/5fcfa9854cc9d.jpg', 0, '', NULL, '', '', '20.00', '19.30', '0.0350', '0.70', 3, 1607602802, 0, 0, 0, 0, NULL, 1607602201, 20201210, NULL, NULL, 1, 0, '0.00', 0, 0, 'buy', '117.152.78.161', 'http://www.wepay.fun/?c=Pay&a=notify_url', '', '', 0, 0, 0, 0),
(1035, 'MS2020121020101254037', 'TS202012102010122836', 1670, 204, 1666, 96, 'yyy', 'xxx', 'uploads/2020/12/09/5fcfa9854cc9d.jpg', 0, '', NULL, '', '', '30.00', '28.95', '0.0350', '1.05', 3, 1607602813, 0, 0, 0, 0, NULL, 1607602212, 20201210, NULL, NULL, 1, 0, '0.00', 0, 0, 'buy', '117.152.78.161', 'http://www.wepay.fun/?c=Pay&a=notify_url', '', '', 0, 0, 0, 0),
(1036, 'MS2020121020441344827', 'TS202012102044139576', 1670, 204, 1666, 96, 'yyy', 'xxx', 'uploads/2020/12/09/5fcfa9854cc9d.jpg', 0, '', NULL, '', '', '66.00', '63.69', '0.0350', '2.31', 9, 1607604854, 0, 0, 1607682882, 20201211, 1650, 1607604253, 20201210, 4, 'success', 2, 1607682882, '65.21', 0, 0, 'buy', '117.152.78.161', 'http://www.wepay.fun/?c=Pay&a=notify_url', '', '', 0, 2, 0, 1607682882),
(1037, 'TS2020121118325685805', 'U2020121118325687857', 1670, 204, 1666, 98, 'test_comm_12345678', 'bbb', 'uploads/home/202012/64b30923ac4d6daf.jpeg', 0, '', NULL, '', '', '2000.00', '2000.00', '', '0.00', 9, 0, 0, 0, 1607682806, 20201211, 1650, 1607682776, 20201211, NULL, NULL, 1, 0, '0.00', 0, 0, 'test', '', 'http://www.wepay.fun/?c=Pay&a=notify_url', '', 'http://www.wepay.fun/?c=Skma', 0, 0, 0, 0),
(1038, 'TS2020121118361145942', 'U2020121118361128755', 1670, 204, 1666, 96, 'yyy', 'xxx', 'uploads/2020/12/09/5fcfa9854cc9d.jpg', 0, '', NULL, '', '', '1000.00', '1000.00', '', '0.00', 9, 0, 0, 0, 1607682982, 20201211, 1650, 1607682971, 20201211, NULL, NULL, 1, 0, '0.00', 0, 0, 'test', '', 'http://www.wepay.fun/?c=Pay&a=notify_url', '', 'http://www.wepay.fun/?c=Skma', 0, 0, 0, 0),
(1039, 'TS2020121118364989068', 'U2020121118364999117', 1670, 204, 1666, 98, 'test_comm_12345678', 'bbb', 'uploads/home/202012/64b30923ac4d6daf.jpeg', 0, '', NULL, '', '', '300.00', '300.00', '', '0.00', 3, 1607683610, 0, 0, 0, 0, NULL, 1607683009, 20201211, NULL, NULL, 1, 0, '0.00', 0, 0, 'test', '', 'http://www.wepay.fun/?c=Pay&a=notify_url', '', 'http://www.wepay.fun/?c=Skma', 0, 0, 0, 0),
(1040, 'MS2020121219575391190', 'TS202012121957532980', 1670, 204, 1666, 98, 'test_comm_12345678', 'bbb', 'uploads/home/202012/64b30923ac4d6daf.jpeg', 0, '', NULL, '', '', '666.00', '642.69', '0.0350', '23.31', 9, 0, 0, 0, 1607774713, 20201212, 1650, 1607774273, 20201212, 4, 'success', 2, 1607774713, '642.69', 0, 0, 'buy', '117.152.78.161', 'http://www.wepay.fun/?c=Pay&a=notify_url', '', '', 0, 2, 0, 1607774713),
(1041, 'MS2020121220042312861', 'TS202012122004239995', 1670, 204, 1666, 97, '', '111', 'uploads/home/202012/8da652ced91c062b.jpeg', 0, '', NULL, '', '', '777.00', '749.81', '0.0350', '27.20', 9, 0, 0, 0, 1607774706, 20201212, 1650, 1607774663, 20201212, 4, 'success', 2, 1607774706, '749.81', 0, 0, 'buy', '117.152.78.161', 'http://www.wepay.fun/?c=Pay&a=notify_url', '', '', 0, 2, 0, 1607774706),
(1042, 'MS2020121220061797390', 'TS202012122006176766', 1670, 204, 1666, 98, 'test_comm_12345678', 'bbb', 'uploads/home/202012/64b30923ac4d6daf.jpeg', 0, '', NULL, '', '', '666.00', '642.69', '0.0350', '23.31', 9, 0, 0, 0, 1607774933, 20201212, 1650, 1607774777, 20201212, 4, 'success', 2, 1607774933, '642.69', 0, 0, 'buy', '117.152.78.161', 'http://www.wepay.fun/?c=Pay&a=notify_url', '', '', 0, 2, 0, 1607774933),
(1043, 'MS2020121220075639499', 'TS202012122007569540', 1670, 204, 1666, 97, '', '111', 'uploads/home/202012/8da652ced91c062b.jpeg', 0, '', NULL, '', '', '777.00', '749.81', '0.0350', '27.20', 9, 0, 0, 0, 1607774926, 20201212, 1650, 1607774876, 20201212, 4, 'success', 2, 1607774927, '749.81', 0, 0, 'buy', '117.152.78.161', 'http://www.wepay.fun/?c=Pay&a=notify_url', '', '', 0, 2, 0, 1607774927),
(1044, 'MS2020121220130033696', 'TS202012122013009684', 1670, 204, 1666, 98, 'test_comm_12345678', 'bbb', 'uploads/home/202012/64b30923ac4d6daf.jpeg', 0, '', NULL, '', '', '666.00', '642.69', '0.0350', '23.31', 3, 1607775783, 0, 0, 0, 0, NULL, 1607775180, 20201212, NULL, NULL, 1, 0, '0.00', 0, 0, 'buy', '117.152.78.161', 'http://www.wepay.fun/?c=Pay&a=notify_url', '', '', 0, 0, 0, 0),
(1045, 'MS2020121220135440976', 'TS202012122013545475', 1670, 204, 1666, 97, '', '111', 'uploads/home/202012/8da652ced91c062b.jpeg', 0, '', NULL, '', '', '777.00', '749.81', '0.0350', '27.20', 3, 1607775839, 0, 0, 0, 0, NULL, 1607775234, 20201212, NULL, NULL, 1, 0, '0.00', 0, 0, 'buy', '117.152.78.161', 'http://www.wepay.fun/?c=Pay&a=notify_url', '', '', 0, 0, 0, 0),
(1046, 'MS2020121314353763366', 'TS202012131435371558', 1670, 204, 1666, 96, 'yyy', 'xxx', 'uploads/2020/12/09/5fcfa9854cc9d.jpg', 0, '', NULL, '', '', '10.00', '9.65', '0.0350', '0.35', 3, 1607841941, 0, 0, 0, 0, NULL, 1607841337, 20201213, NULL, NULL, 1, 0, '0.00', 0, 0, 'buy', '117.152.78.161', 'http://www.wepay.fun/?c=Pay&a=notify_url', '', '', 0, 0, 0, 0),
(1047, 'MS2020121400301612540', 'TS202012140030156522', 1670, 204, 1666, 98, 'test_comm_12345678', 'bbb', 'uploads/home/202012/64b30923ac4d6daf.jpeg', 0, '', NULL, '', '', '666.00', '642.69', '0.0350', '23.31', 3, 1607877621, 0, 0, 0, 0, NULL, 1607877016, 20201214, NULL, NULL, 1, 0, '0.00', 0, 0, 'buy', '117.152.78.161', 'http://www.wepay.fun/?c=Pay&a=notify_url', '', '', 0, 0, 0, 0);

-- --------------------------------------------------------

--
-- 表的结构 `sk_order_hkcsv`
--

CREATE TABLE IF NOT EXISTS `sk_order_hkcsv` (
  `id` int(11) NOT NULL,
  `csv` varchar(128) DEFAULT NULL,
  `is_load` tinyint(2) DEFAULT '0' COMMENT '是否已经导入',
  `load_time` int(11) DEFAULT '0',
  `create_gid` int(11) DEFAULT '0',
  `create_id` int(11) DEFAULT '0',
  `create_time` int(11) DEFAULT NULL
) ENGINE=InnoDB DEFAULT CHARSET=utf8 ROW_FORMAT=DYNAMIC;

-- --------------------------------------------------------

--
-- 表的结构 `sk_yong`
--

CREATE TABLE IF NOT EXISTS `sk_yong` (
  `id` int(11) NOT NULL,
  `type` tinyint(2) DEFAULT '0' COMMENT '1码商 2商户',
  `uid` int(11) DEFAULT NULL COMMENT '所属用户id',
  `money` decimal(16,2) DEFAULT NULL,
  `level` varchar(8) DEFAULT NULL,
  `rate` varchar(8) DEFAULT NULL,
  `ori_balance` decimal(16,2) DEFAULT NULL,
  `new_balance` decimal(16,2) DEFAULT NULL,
  `fkey` varchar(16) DEFAULT NULL,
  `create_time` int(11) DEFAULT NULL
) ENGINE=InnoDB AUTO_INCREMENT=615 DEFAULT CHARSET=utf8mb4 ROW_FORMAT=DYNAMIC;

--
-- 转存表中的数据 `sk_yong`
--

INSERT INTO `sk_yong` (`id`, `type`, `uid`, `money`, `level`, `rate`, `ori_balance`, `new_balance`, `fkey`, `create_time`) VALUES
(601, 1, 1650, '31.08', '0', '0.035', '2.61', '33.69', '1011', 1607535129),
(602, 1, 1650, '10.66', '0', '0.012', '33.69', '44.35', '1003', 1607535171),
(603, 1, 1650, '31.08', '0', '0.035', '44.35', '75.43', '1021', 1607583467),
(604, 1, 1650, '10.66', '0', '0.012', '75.43', '86.09', '1026', 1607601526),
(605, 1, 1650, '31.08', '0', '0.035', '86.09', '117.17', '1025', 1607601532),
(606, 1, 1650, '23.31', '0', '0.035', '117.17', '140.48', '1024', 1607601538),
(607, 1, 1650, '9.32', '0', '0.012', '140.48', '149.80', '1029', 1607601850),
(608, 1, 1650, '31.08', '0', '0.035', '149.80', '180.88', '1028', 1607601856),
(609, 1, 1650, '23.31', '0', '0.035', '180.88', '204.19', '1027', 1607601862),
(610, 1, 1650, '0.79', '0', '0.012', '204.19', '204.98', '1036', 1607682882),
(611, 1, 1650, '27.20', '0', '0.035', '204.98', '232.18', '1041', 1607774706),
(612, 1, 1650, '23.31', '0', '0.035', '232.18', '255.49', '1040', 1607774713),
(613, 1, 1650, '27.20', '0', '0.035', '255.49', '282.69', '1043', 1607774927),
(614, 1, 1650, '23.31', '0', '0.035', '282.69', '306.00', '1042', 1607774933);

-- --------------------------------------------------------

--
-- 表的结构 `sys_access`
--

CREATE TABLE IF NOT EXISTS `sys_access` (
  `id` int(11) NOT NULL,
  `uid` int(11) DEFAULT '0',
  `gid` int(11) DEFAULT '0',
  `node_ids` text
) ENGINE=InnoDB AUTO_INCREMENT=9 DEFAULT CHARSET=utf8 ROW_FORMAT=DYNAMIC;

--
-- 转存表中的数据 `sys_access`
--

INSERT INTO `sys_access` (`id`, `uid`, `gid`, `node_ids`) VALUES
(1, 0, 1, NULL),
(2, 0, 11, '1,2,3,4,5,8,9,20,21,30,33,40,41,42,52,200,202,203,204,205,206,210,300,301,400,401,402,403,410,411,412,413,414,415,520,521,522'),
(3, 0, 31, '1,2,3,4,5,8,9,20,21,30,33,40,41,42,52,200,202,203,204,205,206,210,300,301,400,401,402,403,410,411,412,413,414,415,520,521,522'),
(4, 0, 41, '1,2,3,4,5,8,9,20,21,30,33,40,41,42,52,200,202,203,204,205,206,210,300,301,400,401,402,403,410,411,412,413,414,415,520,521,522'),
(5, 0, 61, '1,2,3,4,5,8,9,20,21,30,31,32,33,34,35,36,40,41,42,52,200,201,202,203,204,205,206,210,300,301,310,311,320,321,322,323,330,332,333,400,401,402,403,410,411,412,413,414,415,520,521,522'),
(6, 0, 71, '1,3,4,5,8,9,31,32,36,40,41,42,52,310,311,320,321,322,323,400,401,402,403,410,411,412,413,414,415,520,521,522'),
(7, 0, 81, '1,3,4,5,8,9,31,32,33,35,36,40,52,310,311,312,320,321,322,323,330,400,520,521,522'),
(8, 0, 91, '1,3,4,5,8,9,31,32,33,35,36,40,52,310,311,312,320,321,322,323,330,400,520,521,522');

-- --------------------------------------------------------

--
-- 表的结构 `sys_config`
--

CREATE TABLE IF NOT EXISTS `sys_config` (
  `id` int(11) NOT NULL,
  `skey` varchar(32) DEFAULT NULL,
  `name` varchar(128) DEFAULT NULL,
  `single` tinyint(2) DEFAULT '0' COMMENT '0或1',
  `config` text,
  `update_time` int(11) DEFAULT NULL,
  `is_show` tinyint(2) DEFAULT '1'
) ENGINE=InnoDB AUTO_INCREMENT=253 DEFAULT CHARSET=utf8 ROW_FORMAT=DYNAMIC;

--
-- 转存表中的数据 `sys_config`
--

INSERT INTO `sys_config` (`id`, `skey`, `name`, `single`, `config`, `update_time`, `is_show`) VALUES
(1, 'yes_or_no', '是/否', 0, '1=是,0=否', 1577754429, 1),
(2, 'rsa_pt_private', 'RSA平台私钥', 1, '-----BEGIN RSA PRIVATE KEY-----\nMIICXAIBAAKBgQCv+rxJ08U+BZJBvrlCMePgz5vbYjmUAFDAarDcaSaRIaHYjkAt\niTGWCDHlVuhZ+CjUGa+iB2Oo+srlcKP/ztOT9eM9e4VqySluwAfQZZvcenyZs/xe\n8iwa+xTDrVcYibDM5V0BR/Z+HoK9ftLjk3MIMMdHd0xENYXxxXYQtliAwQIDAQAB\nAoGAHDdLsVqvKX6jML9v3Nk6/HTNPKPHL5/NUszIhs6lTGfkF2DXkXWJ6dBuj6Mb\npjFP+pITwxsEM7fiiF9DLGTxL2gPPnRtpJka9g9dOkKsZnvnlD00Ehy2quu0g4+R\nOe7qIZuifG1nz7oS6nfC7mYIHtaroE+G7C354sTx2dMkiEECQQDXRfCq3OVLoCRx\nWi86ZY+THS/jk4Uv3KN6M4N8s0C3JyKuHoQXxfJg1CUvqHbU6Mg1Ib7YbrYe9yvB\nmZR88xtdAkEA0UW6phIIyRIIRv9AsjZeoddF1g3ZcpPio+DICF/JZX14kimJLVuX\nSqCMjNE0r/VsWhzWNgdFRXpjbLOvEZRItQJBAMqnNaOzpUunKwdmbbVcrGdCf7WO\nR0BCRcchPXOjz5VbiyM86P70QnLy4zrVLWDK7sZNyTo4JsxJxPBQ4t8pgKUCQC8t\n8Dl2gWKLXTBcZYKH/WexN75dWvOY4ZSenZo9thLaaa9SC+oc5wvdDDLHC4DL7MSY\nEbcWhoh2YinkjIiDDK0CQDHXOJcbniKUAMmCZWeRbqEWV1cK3uk7hfEzBgt2x4ZJ\nKHnpEhXfpIUWc5bEG9Wv0kyPZZoFVmI4+F3Xe2XWxxc=\n-----END RSA PRIVATE KEY-----', 1577690087, 1),
(3, 'rsa_pt_public', 'RSA平台公钥', 1, '-----BEGIN PUBLIC KEY-----\nMIGfMA0GCSqGSIb3DQEBAQUAA4GNADCBiQKBgQCv+rxJ08U+BZJBvrlCMePgz5vb\nYjmUAFDAarDcaSaRIaHYjkAtiTGWCDHlVuhZ+CjUGa+iB2Oo+srlcKP/ztOT9eM9\ne4VqySluwAfQZZvcenyZs/xe8iwa+xTDrVcYibDM5V0BR/Z+HoK9ftLjk3MIMMdH\nd0xENYXxxXYQtliAwQIDAQAB\n-----END PUBLIC KEY-----', 1577690803, 1),
(5, 'sys_version', '系统版本号', 1, 'v1.0.01', 1577691569, 1),
(6, 'cdn_domain', 'CDN加速域名', 1, NULL, 1599795761, 1),
(7, 'qr_domain', '二维码域名', 1, NULL, 1599762462, 1),
(8, 'sys_name', '项目名称', 1, '日月支付', 1599794797, 1),
(9, 'oauth_domain', '授权域名', 1, NULL, 1599762457, 1),
(10, 'user_sex', '用户性别', 0, '0=未知,1=男,2=女', 1520922045, 1),
(11, 'account_status', '账号状态', 0, '1=禁用,2=正常,99=已删除', 1520922154, 1),
(12, 'sys_group', '系统分组', 0, '1=超管,11=运营,31=财务,41=客服,61=码商代理,71=码商,81=商户代理,91=商户', 1575337998, 1),
(13, 'wx_gzh_config', '微信配置', 0, 'appid=appxxx,appsecret=xdedsxx', 1543115920, 1),
(14, 'sys_sms', '短信配置', 0, 'uid=QJG006116,pwd=YYp0990,tpl=尊敬的会员，您的验证码是{$code}。【阅付通】', 1577420274, 1),
(15, 'sys_switch', '开启关闭状态', 0, '1=开启,0=关闭', 1522048926, 1),
(16, 'domain_type', '域名类型', 0, '1=二维码域名,2=前端域名', 1541051155, 0),
(17, 'domain_status', '域名状态', 0, '0=未使用,1=使用中,2=已失效,4=已删除', 1541051544, 0),
(18, 'cnf_copyright', '网站备案信息', 1, 'Copyright © 2018 All rights reserved.   ICP备xx号', 1563349891, 1),
(29, 'sys_arc_status', '文章状态', 0, '1=待发布,2=已发布', 1560933669, 1),
(30, 'ad_reg_give_money', '注册赠送额度', 1, '0', 1544066527, 1),
(60, 'shop_goods_status', '商品上架状态', 0, '1=待上架,2=已上架', 1545128757, 1),
(61, 'shop_goods_log_status', '兑换商品发货状态', 0, '0=待发货,1=已发货,2=已签收', 1545185307, 1),
(114, 'cnf_pay_status', '商户订单支付状态', 0, '1=待支付,2=已提交,3=已超时,4=已取消,9=已支付', 1564051231, 1),
(125, 'cnf_balance_type', '资金变动记录类型', 0, '50=后台充值余额,51=前台充值余额,52=充值冻结,53=充值接单余额,54=充值应回款,55=接单可提余额互转,3=商户订单结算,4=码商订单分成,5=商户订单分成,6=夜间接单奖励,8=注册赠送余额,11=提现支出,12=提现退还,13=接单冻结,14=扣除冻结,15=冻结退还,16=补单扣除,20=订单回款,21=订单累计应回款,22=码商应回款扣除,23=码商应回款退还,24=审核增加应回款,31=用户提现应回款拨付,32=审核提现应回款退还', 1576661658, 1),
(126, 'min_cash_money', '单笔最小提现金额', 1, '100', 1550835726, 1),
(127, 'max_cash_money', '单笔最大提现金额', 1, '50000', 1572335685, 1),
(128, 'max_day_cash_money', '单日累计最大提现金额', 1, '10000000', 1572235736, 1),
(129, 'user_cash_status', '提现审核状态', 0, '1=待审核,2=已通过,3=不通过', 1543719761, 1),
(136, 'cash_charge_money', '码商每笔提现手续费', 0, '1=0.00,2=2', 1572165022, 1),
(167, 'cnf_pay_min_money', '单笔充值最小金额', 1, '3000', 1574648943, 1),
(168, 'cnf_pay_max_money', '单笔充值最大金额', 1, '100000', 1564039649, 1),
(181, 'cash_cnf', '可提现时间设置', 0, 'weekend=1,day_time=00:00-23:59', 1572358396, 1),
(202, 'cnf_work_list', '工单分类', 0, '1=账户问题,2=下单问题,3=充值问题,4=提现问题,99=其他问题', 1575337953, 1),
(205, 'service_qq', '在线客服QQ', 1, '1833475753', 1577330675, 1),
(206, 'cnf_skma_status', '收款码状态', 0, '1=下线,2=在线', 1563434663, 1),
(207, 'cnf_notice_status', '订单通知状态', 0, '1=待通知,2=未回复,3=回复失败,4=回复成功', 1563430332, 1),
(208, 'min_match_money', '最小可匹配金额', 1, '1000', 1608034848, 1),
(209, 'cnf_yong_type', '分成类型', 0, '1=码商分成,2=商户分成', 1563598132, 1),
(210, 'cnf_skbank_status', '收款银行卡状态', 0, '1=下线,2=在线', 1563600795, 1),
(211, 'cnf_paylog_status', '充值订单状态', 0, '1=待支付,2=已提交,3=已确认', 1571727893, 1),
(212, 'cnf_cashpay_status', '提现支付状态', 0, '1=待支付,2=已提交,3=已支付', 1563629681, 1),
(213, 'cnf_user_online', '用户在线抢单状态', 0, '0=下线,1=在线', 1563774603, 1),
(214, 'cnf_user_offline_time', '用户自动下线时间（秒）', 1, '300000', 1577173417, 1),
(215, 'skorder_over_time', '商户订单超时时间（秒）', 1, '600', 1575431683, 1),
(216, 'cash_shcharge_money', '商户每笔提现手续费', 0, '1=0,2=3', 1572335800, 1),
(217, 'cnf_download_appurl', 'APP下载地址', 1, NULL, 1575341250, 1),
(218, 'cnf_msmin_fyrate', '码商最小分成比例', 0, '1=0.00,2=0.00,3=0,4=0.00', 1564647477, 1),
(219, 'cnf_mscheck_needpwd', '码商确认收款是否需要二级密码', 1, '否', 1576553536, 1),
(220, 'cnf_default_tj', '基本统计配置', 0, '订单总数=5203,订单总额=5583061.2,总手续费=180860,成功订单数=3760,成功订单总额=3238175.38,成功手续费=84563,成功率=57%', 1570590158, 0),
(221, 'cnf_forbid_time', '用户禁用时间（分钟=显示）', 0, 'max=永久,30=半小时,60=1小时,360=6小时,1440=1天', 1571732028, 1),
(222, 'cnf_reward_rate', '夜间接单额外奖励费率', 1, '0', 1575439831, 1),
(223, 'cnf_overtime_mdnum', '连续N单超时自动下线收款码', 1, '300', 1577086081, 1),
(224, 'cnf_tgqrcode_time', '推广二维码有效时间（秒）', 1, '900', 1571972485, 1),
(225, 'skorder_over_time2', '已提交状态订单超时时间（秒）', 1, '1800', 1607531699, 1),
(226, 'cnf_regms_open', '开放前台码商注册（是/否）', 1, '是', 1576915902, 1),
(227, 'cnf_zfbh5_open', '支付宝扫码开启H5跳转（是/否）', 1, '是', 1575169791, 1),
(229, 'cnf_bklog_status', '提现拨款明细状态', 0, '1=待处理,2=已提交,3=已通过,4=不通过,7=已取消', 1576332612, 1),
(234, 'cnf_order_hkstatus', '订单回款状态', 0, '0=待回款,1=待审核,3=已通过,4=未通过', 1577152552, 1),
(235, 'cnf_agent_hkstatus', '码商回款记录状态', 0, '1=待审核,2=已提交,3=已通过,4=未通过', 1576411119, 1),
(236, 'cnf_msappoint_other', '指定代理或码商匹配不到码时匹配其他码商（是/否）', 1, '否', 1575425205, 1),
(241, 'cnf_du_open', '下级码商接单开关状态', 0, '0=关闭接单,1=开放接单', 1575337593, 1),
(242, 'cnf_skm_min_money', '收款码默认最小金额', 1, '0', 1577343604, 1),
(243, 'cnf_skm_max_money', '收款码默认最大金额', 1, '20000', 1577343624, 1),
(244, 'cnf_trans_qrcode', '转换通道二维码（是/否）', 1, '是', 1576374619, 1),
(245, 'cnf_test_page_random', '测试界面需要开启随机数（是/否）', 1, '否', 1607524310, 1),
(246, 'cnf_xyhk_model', '开启信用回款模式（是/否）', 1, '否', 1577435292, 0),
(247, 'cnf_zkling_mitem', '支口令待选金额', 0, '1=100,2=200,3=300,4=500,5=1000,6=2000,7=5000,8=10000', 1576413647, 0),
(248, 'cnf_mshk_signle', '开启码商单笔回款-信用模式（是/否）', 1, '否', 1578058348, 0),
(250, 'cnf_whkbjjd_num', '未回款不可继续接单数量-信用单笔回款模式', 1, '230', 1577435202, 0),
(251, 'cnf_whkbjjd_money', '未回款不可继续接单金额-信用单笔回款模式', 1, '150000', 1577260252, 0),
(252, 'cnf_whkljjd_money', '未回款不可继续接单金额-信用累计回款模式', 1, '150000', 1577755838, 0);

-- --------------------------------------------------------

--
-- 表的结构 `sys_gzh`
--

CREATE TABLE IF NOT EXISTS `sys_gzh` (
  `id` mediumint(9) NOT NULL,
  `uid` int(11) DEFAULT '0' COMMENT '所属用户',
  `name` varchar(32) DEFAULT NULL COMMENT '公众号名称',
  `appid` varchar(32) DEFAULT NULL,
  `appsecret` varchar(64) DEFAULT NULL,
  `mch_id` varchar(16) DEFAULT NULL COMMENT '微信支付商户号',
  `pay_key` varchar(32) DEFAULT NULL COMMENT '微信支付密钥',
  `token` varchar(32) DEFAULT NULL COMMENT '开发者模式的token',
  `access_token_time` int(11) DEFAULT NULL COMMENT 'token的更新时间',
  `access_token` text,
  `jsapi_ticket_time` int(11) DEFAULT NULL COMMENT 'ticket更新时间',
  `jsapi_ticket` text,
  `status` tinyint(2) DEFAULT '1' COMMENT '0或1',
  `gh_id` varchar(32) DEFAULT NULL COMMENT '原始id',
  `biz` varchar(32) DEFAULT NULL COMMENT '公众号标识',
  `tpl_id` varchar(64) DEFAULT NULL COMMENT '模板消息模板id'
) ENGINE=MyISAM AUTO_INCREMENT=17 DEFAULT CHARSET=utf8 ROW_FORMAT=DYNAMIC COMMENT='微信公众号信息';

-- --------------------------------------------------------

--
-- 表的结构 `sys_log`
--

CREATE TABLE IF NOT EXISTS `sys_log` (
  `id` int(11) NOT NULL,
  `uid` int(11) DEFAULT NULL,
  `opt_name` varchar(255) DEFAULT NULL COMMENT '操作名称',
  `sql_str` text,
  `create_time` int(11) DEFAULT NULL,
  `create_ip` varchar(16) DEFAULT NULL,
  `readable_time` varchar(32) DEFAULT NULL COMMENT '便于查看的时间'
) ENGINE=InnoDB AUTO_INCREMENT=1821 DEFAULT CHARSET=utf8 ROW_FORMAT=DYNAMIC;

--
-- 转存表中的数据 `sys_log`
--

INSERT INTO `sys_log` (`id`, `uid`, `opt_name`, `sql_str`, `create_time`, `create_ip`, `readable_time`) VALUES
(1520, 1, '禁止接单', 'UPDATE sys_user SET `is_online`=''0'' WHERE id=1650', 1609001819, '117.152.83.58', '2020-12-27 00:56:59'),
(1521, 1, '允许接单', 'UPDATE sys_user SET `is_online`=''1'' WHERE id=1653', 1609001821, '117.152.83.58', '2020-12-27 00:57:01'),
(1522, 1, '允许接单', 'UPDATE sys_user SET `is_online`=''1'' WHERE id=1650', 1609001822, '117.152.83.58', '2020-12-27 00:57:02'),
(1523, 1, '禁用账号', 'UPDATE sys_user SET `status`=''1'',`is_online`=''0'' WHERE id=1654', 1609001824, '117.152.83.58', '2020-12-27 00:57:04'),
(1524, 1, '启用账号', 'UPDATE sys_user SET `status`=''2'' WHERE id=1654', 1609001829, '117.152.83.58', '2020-12-27 00:57:09'),
(1525, 1, '允许接单', 'UPDATE sys_user SET `is_online`=''1'' WHERE id=1655', 1609001830, '117.152.83.58', '2020-12-27 00:57:10'),
(1526, 1, '允许接单', 'UPDATE sys_user SET `is_online`=''1'' WHERE id=1654', 1609001855, '117.152.83.58', '2020-12-27 00:57:35'),
(1527, 1655, '登录', 'test_ms1[ms1] login', 1609001952, '117.152.83.58', '2020-12-27 00:59:12'),
(1528, 1655, '退出', 'test_ms1[ms1] logout', 1609001961, '117.152.83.58', '2020-12-27 00:59:21'),
(1529, 1655, '登录', 'test_ms1[ms1] login', 1609001985, '117.152.83.58', '2020-12-27 00:59:45'),
(1530, 1, '退出', 'admin[管理员] logout', 1609002058, '117.152.83.58', '2020-12-27 01:00:58'),
(1531, 1655, '退出', 'test_ms1[ms1] logout', 1609002072, '117.152.83.58', '2020-12-27 01:01:12'),
(1532, 1655, '登录', 'test_ms1[ms1] login', 1609002080, '117.152.83.58', '2020-12-27 01:01:20'),
(1533, 1, '登录', 'admin[管理员] login', 1609002103, '117.152.83.58', '2020-12-27 01:01:43'),
(1534, 1655, '退出', 'test_ms1[ms1] logout', 1609002611, '117.152.83.58', '2020-12-27 01:10:11'),
(1535, 1655, '登录', 'test_ms1[ms1] login', 1609002618, '117.152.83.58', '2020-12-27 01:10:18'),
(1536, 1, '删除用户', 'UPDATE sk_ma SET `status`=''99'' WHERE uid=1654', 1609004216, '117.152.83.58', '2020-12-27 01:36:56'),
(1537, 1, '删除用户', 'UPDATE sk_ma SET `status`=''99'' WHERE uid=1654', 1609004218, '117.152.83.58', '2020-12-27 01:36:58'),
(1538, 1, '删除用户', 'UPDATE sk_ma SET `status`=''99'' WHERE uid=1654', 1609004219, '117.152.83.58', '2020-12-27 01:36:59'),
(1539, 1, '禁用账号', 'UPDATE sys_user SET `status`=''1'',`is_online`=''0'' WHERE id=1650', 1609004751, '117.152.83.58', '2020-12-27 01:45:51'),
(1540, 1, '启用账号', 'UPDATE sys_user SET `status`=''2'' WHERE id=1650', 1609004752, '117.152.83.58', '2020-12-27 01:45:52'),
(1541, 1, '允许接单', 'UPDATE sys_user SET `is_online`=''1'' WHERE id=1650', 1609004755, '117.152.83.58', '2020-12-27 01:45:55'),
(1542, 1, '禁用账号', 'UPDATE sys_user SET `status`=''1'',`is_online`=''0'' WHERE id=1650', 1609041371, '117.152.80.156', '2020-12-27 11:56:11'),
(1543, 1, '启用账号', 'UPDATE sys_user SET `status`=''2'' WHERE id=1650', 1609041374, '117.152.80.156', '2020-12-27 11:56:14'),
(1544, 1, '允许接单', 'UPDATE sys_user SET `is_online`=''1'' WHERE id=1650', 1609041378, '117.152.80.156', '2020-12-27 11:56:18'),
(1545, 1, '禁止接单', 'UPDATE sys_user SET `is_online`=''0'' WHERE id=1653', 1609041694, '117.152.80.156', '2020-12-27 12:01:34'),
(1546, 1, '允许接单', 'UPDATE sys_user SET `is_online`=''1'' WHERE id=1653', 1609041695, '117.152.80.156', '2020-12-27 12:01:35'),
(1547, 1, '禁用账号', 'UPDATE sys_user SET `status`=''1'',`is_online`=''0'' WHERE id=1653', 1609041697, '117.152.80.156', '2020-12-27 12:01:37'),
(1548, 1, '启用账号', 'UPDATE sys_user SET `status`=''2'' WHERE id=1653', 1609041698, '117.152.80.156', '2020-12-27 12:01:38'),
(1549, 1, '允许接单', 'UPDATE sys_user SET `is_online`=''1'' WHERE id=1653', 1609041699, '117.152.80.156', '2020-12-27 12:01:39'),
(1550, 1655, '退出', 'test_ms1[ms1] logout', 1609044080, '117.152.80.156', '2020-12-27 12:41:20'),
(1551, 1655, '登录', 'test_ms1[ms1] login', 1609044090, '117.152.80.156', '2020-12-27 12:41:30'),
(1552, 1, '退出', 'admin[管理员] logout', 1609044916, '117.152.80.156', '2020-12-27 12:55:16'),
(1553, 1, '登录', 'admin[管理员] login', 1609044923, '117.152.80.156', '2020-12-27 12:55:23'),
(1554, 1, '登录', 'admin[管理员] login', 1609045686, '117.152.80.156', '2020-12-27 13:08:06'),
(1555, 1, '登录', 'admin[管理员] login', 1609049155, '117.152.80.156', '2020-12-27 14:05:55'),
(1556, 1, '登录', 'admin[管理员] login', 1609049485, '117.152.80.156', '2020-12-27 14:11:25'),
(1557, 1, '登录', 'admin[管理员] login', 1609049598, '117.152.80.156', '2020-12-27 14:13:18'),
(1558, 1653, '登录', 'BOSS[1] login', 1609049721, '117.152.80.156', '2020-12-27 14:15:21'),
(1559, 1, '登录', 'admin[管理员] login', 1609050660, '117.152.80.156', '2020-12-27 14:31:00'),
(1560, 1, '禁止接单', 'UPDATE sys_user SET `is_online`=''0'' WHERE id=1650', 1609054534, '117.152.80.156', '2020-12-27 15:35:34'),
(1561, 1, '允许接单', 'UPDATE sys_user SET `is_online`=''1'' WHERE id=1650', 1609054534, '117.152.80.156', '2020-12-27 15:35:34'),
(1562, 1, '允许接单', 'UPDATE sys_user SET `is_online`=''1'' WHERE id=1657', 1609056899, '117.152.80.156', '2020-12-27 16:14:59'),
(1563, 1, '禁用账号', 'UPDATE sys_user SET `status`=''1'',`is_online`=''0'' WHERE id=1657', 1609056901, '117.152.80.156', '2020-12-27 16:15:01'),
(1564, 1, '禁止接单', 'UPDATE sys_user SET `is_online`=''0'' WHERE id=1657', 1609056903, '117.152.80.156', '2020-12-27 16:15:03'),
(1565, 1, '启用账号', 'UPDATE sys_user SET `status`=''2'' WHERE id=1657', 1609056904, '117.152.80.156', '2020-12-27 16:15:04'),
(1566, 1, '允许接单', 'UPDATE sys_user SET `is_online`=''1'' WHERE id=1657', 1609056905, '117.152.80.156', '2020-12-27 16:15:05'),
(1567, 1653, '登录', 'BOSS[1] login', 1609056999, '117.152.80.156', '2020-12-27 16:16:39'),
(1568, 1653, '禁用账号', 'UPDATE sys_user SET `status`=''1'',`is_online`=''0'' WHERE id=1655', 1609057040, '117.152.80.156', '2020-12-27 16:17:20'),
(1569, 1, '删除用户', 'UPDATE sk_ma SET `status`=''99'' WHERE uid=1657', 1609057176, '117.152.80.156', '2020-12-27 16:19:36'),
(1570, 1, '删除用户', 'UPDATE sk_ma SET `status`=''99'' WHERE uid=1657', 1609057178, '117.152.80.156', '2020-12-27 16:19:38'),
(1571, 1, '删除用户', 'UPDATE sk_ma SET `status`=''99'' WHERE uid=1658', 1609057351, '117.152.80.156', '2020-12-27 16:22:31'),
(1572, 1, '启用账号', 'UPDATE sys_user SET `status`=''2'' WHERE id=1655', 1609064687, '117.152.80.156', '2020-12-27 18:24:47'),
(1573, 1, '允许接单', 'UPDATE sys_user SET `is_online`=''1'' WHERE id=1655', 1609064688, '117.152.80.156', '2020-12-27 18:24:48'),
(1574, 1, '删除用户', 'UPDATE sk_ma SET `status`=''99'' WHERE uid=1650', 1609073391, '117.152.80.156', '2020-12-27 20:49:51'),
(1575, 1, '删除用户', 'UPDATE sk_ma SET `status`=''99'' WHERE uid=1653', 1609073399, '117.152.80.156', '2020-12-27 20:49:59'),
(1576, 1, '删除用户', 'UPDATE sk_ma SET `status`=''99'' WHERE uid=1655', 1609073405, '117.152.80.156', '2020-12-27 20:50:05'),
(1577, 1, '允许接单', 'UPDATE sys_user SET `is_online`=''1'' WHERE id=1659', 1609073683, '117.152.80.156', '2020-12-27 20:54:43'),
(1578, 1, '允许接单', 'UPDATE sys_user SET `is_online`=''1'' WHERE id=1661', 1609073684, '117.152.80.156', '2020-12-27 20:54:44'),
(1579, 1, '禁用账号', 'UPDATE sys_user SET `status`=''1'',`is_online`=''0'' WHERE id=1659', 1609073726, '117.152.80.156', '2020-12-27 20:55:26'),
(1580, 1, '登录', 'admin[管理员] login', 1609074237, '117.152.80.156', '2020-12-27 21:03:57'),
(1581, 1, '启用账号', 'UPDATE sys_user SET `status`=''2'' WHERE id=1659', 1609079873, '117.152.80.156', '2020-12-27 22:37:53'),
(1582, 1, '允许接单', 'UPDATE sys_user SET `is_online`=''1'' WHERE id=1662', 1609080482, '117.152.80.156', '2020-12-27 22:48:02'),
(1583, 1, '允许接单', 'UPDATE sys_user SET `is_online`=''1'' WHERE id=1660', 1609080483, '117.152.80.156', '2020-12-27 22:48:03'),
(1584, 1, '允许接单', 'UPDATE sys_user SET `is_online`=''1'' WHERE id=1659', 1609080484, '117.152.80.156', '2020-12-27 22:48:04'),
(1585, 1, '禁用账号', 'UPDATE sys_user SET `status`=''1'',`is_online`=''0'' WHERE id=1659', 1609083086, '117.152.80.156', '2020-12-27 23:31:26'),
(1586, 1, '启用账号', 'UPDATE sys_user SET `status`=''2'' WHERE id=1659', 1609083087, '117.152.80.156', '2020-12-27 23:31:27'),
(1587, 1, '允许接单', 'UPDATE sys_user SET `is_online`=''1'' WHERE id=1659', 1609083093, '117.152.80.156', '2020-12-27 23:31:33'),
(1588, 1, '启用账号', 'UPDATE sys_user SET `status`=''2'' WHERE id=101', 1609084469, '117.152.80.156', '2020-12-27 23:54:29'),
(1589, 1, '禁用账号', 'UPDATE sys_user SET `status`=''1'',`is_online`=''0'' WHERE id=101', 1609084470, '117.152.80.156', '2020-12-27 23:54:30'),
(1590, 1, '启用账号', 'UPDATE sys_user SET `status`=''2'' WHERE id=101', 1609084471, '117.152.80.156', '2020-12-27 23:54:31'),
(1591, 1, '启用账号', 'UPDATE sys_user SET `status`=''2'' WHERE id=201', 1609084471, '117.152.80.156', '2020-12-27 23:54:31'),
(1592, 1, '启用账号', 'UPDATE sys_user SET `status`=''2'' WHERE id=202', 1609084472, '117.152.80.156', '2020-12-27 23:54:32'),
(1593, 1, '启用账号', 'UPDATE sys_user SET `status`=''2'' WHERE id=203', 1609084473, '117.152.80.156', '2020-12-27 23:54:33'),
(1594, 1, '启用账号', 'UPDATE sys_user SET `status`=''2'' WHERE id=301', 1609084473, '117.152.80.156', '2020-12-27 23:54:33'),
(1595, 1, '启用账号', 'UPDATE sys_user SET `status`=''2'' WHERE id=302', 1609084474, '117.152.80.156', '2020-12-27 23:54:34'),
(1596, 1, '启用账号', 'UPDATE sys_user SET `status`=''2'' WHERE id=401', 1609084475, '117.152.80.156', '2020-12-27 23:54:35'),
(1597, 1, '启用账号', 'UPDATE sys_user SET `status`=''2'' WHERE id=501', 1609084476, '117.152.80.156', '2020-12-27 23:54:36'),
(1598, 1, '启用账号', 'UPDATE sys_user SET `status`=''2'' WHERE id=601', 1609084477, '117.152.80.156', '2020-12-27 23:54:37'),
(1599, 1, '启用账号', 'UPDATE sys_user SET `status`=''2'' WHERE id=101', 1609084493, '117.152.80.156', '2020-12-27 23:54:53'),
(1600, 1, '启用账号', 'UPDATE sys_user SET `status`=''2'' WHERE id=201', 1609084494, '117.152.80.156', '2020-12-27 23:54:54'),
(1601, 1, '启用账号', 'UPDATE sys_user SET `status`=''2'' WHERE id=202', 1609084494, '117.152.80.156', '2020-12-27 23:54:54'),
(1602, 1, '启用账号', 'UPDATE sys_user SET `status`=''2'' WHERE id=203', 1609084494, '117.152.80.156', '2020-12-27 23:54:54'),
(1603, 1, '启用账号', 'UPDATE sys_user SET `status`=''2'' WHERE id=301', 1609084495, '117.152.80.156', '2020-12-27 23:54:55'),
(1604, 1, '启用账号', 'UPDATE sys_user SET `status`=''2'' WHERE id=302', 1609084495, '117.152.80.156', '2020-12-27 23:54:55'),
(1605, 1, '启用账号', 'UPDATE sys_user SET `status`=''2'' WHERE id=401', 1609084496, '117.152.80.156', '2020-12-27 23:54:56'),
(1606, 1, '启用账号', 'UPDATE sys_user SET `status`=''2'' WHERE id=501', 1609084497, '117.152.80.156', '2020-12-27 23:54:57'),
(1607, 1, '启用账号', 'UPDATE sys_user SET `status`=''2'' WHERE id=601', 1609084497, '117.152.80.156', '2020-12-27 23:54:57'),
(1608, 1, '登录', 'admin[管理员] login', 1609086377, '117.152.80.156', '2020-12-28 00:26:17'),
(1609, 1, '登录', 'admin[管理员] login', 1609086673, '117.152.80.156', '2020-12-28 00:31:13'),
(1610, 1, '禁用账号', 'UPDATE sys_user SET `status`=''1'',`is_online`=''0'' WHERE id=1660', 1609086707, '117.152.80.156', '2020-12-28 00:31:47'),
(1611, 1, '启用账号', 'UPDATE sys_user SET `status`=''2'' WHERE id=1660', 1609086708, '117.152.80.156', '2020-12-28 00:31:48'),
(1612, 1, '允许接单', 'UPDATE sys_user SET `is_online`=''1'' WHERE id=1660', 1609086709, '117.152.80.156', '2020-12-28 00:31:49'),
(1613, 1, '登录', 'admin[管理员] login', 1609171930, '117.152.80.156', '2020-12-29 00:12:10'),
(1614, 1, '登录', 'admin[管理员] login', 1609174195, '117.152.80.156', '2020-12-29 00:49:55'),
(1615, 1, '允许接单', 'UPDATE sys_user SET `is_online`=''1'' WHERE id=1663', 1609174290, '117.152.80.156', '2020-12-29 00:51:30'),
(1616, 1, '禁用账号', 'UPDATE sys_user SET `status`=''1'',`is_online`=''0'' WHERE id=1663', 1609174293, '117.152.80.156', '2020-12-29 00:51:33'),
(1617, 1, '启用账号', 'UPDATE sys_user SET `status`=''2'' WHERE id=1663', 1609174296, '117.152.80.156', '2020-12-29 00:51:36'),
(1618, 1, '禁用账号', 'UPDATE sys_user SET `status`=''1'',`is_online`=''0'' WHERE id=1663', 1609174298, '117.152.80.156', '2020-12-29 00:51:38'),
(1619, 1, '启用账号', 'UPDATE sys_user SET `status`=''2'' WHERE id=1663', 1609174301, '117.152.80.156', '2020-12-29 00:51:41'),
(1620, 1, '禁用账号', 'UPDATE sys_user SET `status`=''1'',`is_online`=''0'' WHERE id=1659', 1609174319, '117.152.80.156', '2020-12-29 00:51:59'),
(1621, 1, '启用账号', 'UPDATE sys_user SET `status`=''2'' WHERE id=1659', 1609174320, '117.152.80.156', '2020-12-29 00:52:00'),
(1622, 1, '允许接单', 'UPDATE sys_user SET `is_online`=''1'' WHERE id=1659', 1609174321, '117.152.80.156', '2020-12-29 00:52:01'),
(1623, 1, '删除用户', 'UPDATE sk_ma SET `status`=''99'' WHERE uid=1659', 1609241844, '117.152.80.156', '2020-12-29 19:37:24'),
(1624, 1, '禁用账号', 'UPDATE sys_user SET `status`=''1'',`is_online`=''0'' WHERE id=1663', 1609243177, '117.152.80.156', '2020-12-29 19:59:37'),
(1625, 1, '启用账号', 'UPDATE sys_user SET `status`=''2'' WHERE id=1663', 1609243178, '117.152.80.156', '2020-12-29 19:59:38'),
(1626, 1662, '登录', 'ms004[码商004] login', 1609244406, '117.152.80.156', '2020-12-29 20:20:06'),
(1627, 1, '允许接单', 'UPDATE sys_user SET `is_online`=''1'' WHERE id=1663', 1609248049, '117.152.80.156', '2020-12-29 21:20:49'),
(1628, 1, '允许接单', 'UPDATE sys_user SET `is_online`=''1'' WHERE id=1664', 1609248050, '117.152.80.156', '2020-12-29 21:20:50'),
(1629, 1, '禁止接单', 'UPDATE sys_user SET `is_online`=''0'' WHERE id=1663', 1609248470, '117.152.80.156', '2020-12-29 21:27:50'),
(1630, 1, '禁用账号', 'UPDATE sys_user SET `status`=''1'',`is_online`=''0'' WHERE id=1661', 1609248724, '117.152.80.156', '2020-12-29 21:32:04'),
(1631, 1, '禁用账号', 'UPDATE sys_user SET `status`=''1'',`is_online`=''0'' WHERE id=1662', 1609248725, '117.152.80.156', '2020-12-29 21:32:05'),
(1632, 1, '启用账号', 'UPDATE sys_user SET `status`=''2'' WHERE id=1662', 1609249426, '117.152.80.156', '2020-12-29 21:43:46'),
(1633, 1662, '登录', 'ms004[码商004] login', 1609249435, '117.152.80.156', '2020-12-29 21:43:55'),
(1634, 1662, '登录', 'ms004[码商004] login', 1609249711, '117.152.80.156', '2020-12-29 21:48:31'),
(1635, 1662, '退出', 'ms004[码商004] logout', 1609252865, '117.152.80.156', '2020-12-29 22:41:05'),
(1636, 1665, '登录', 'msdl005[码商代理005] login', 1609252881, '117.152.80.156', '2020-12-29 22:41:21'),
(1637, 1665, '启用账号', 'UPDATE sys_user SET `status`=''2'' WHERE id=1661', 1609254464, '117.152.80.156', '2020-12-29 23:07:44'),
(1638, 1665, '允许接单', 'UPDATE sys_user SET `is_online`=''1'' WHERE id=1662', 1609331567, '117.152.80.156', '2020-12-30 20:32:47'),
(1639, 1665, '退出', 'msdl005[码商代理005] logout', 1609331613, '117.152.80.156', '2020-12-30 20:33:33'),
(1640, 1661, '登录', 'ms003[码商003] login', 1609331634, '117.152.80.156', '2020-12-30 20:33:54'),
(1641, 1, '允许接单', 'UPDATE sys_user SET `is_online`=''1'' WHERE id=1662', 1609331660, '117.152.80.156', '2020-12-30 20:34:20'),
(1642, 1, '允许接单', 'UPDATE sys_user SET `is_online`=''1'' WHERE id=1661', 1609331661, '117.152.80.156', '2020-12-30 20:34:21'),
(1643, 1, '允许接单', 'UPDATE sys_user SET `is_online`=''1'' WHERE id=1665', 1609331662, '117.152.80.156', '2020-12-30 20:34:22'),
(1644, 1, '允许接单', 'UPDATE sys_user SET `is_online`=''1'' WHERE id=1666', 1609331662, '117.152.80.156', '2020-12-30 20:34:22'),
(1645, 1, '允许接单', 'UPDATE sys_user SET `is_online`=''1'' WHERE id=1663', 1609335194, '117.152.80.156', '2020-12-30 21:33:14'),
(1646, 1661, '退出', 'ms003[码商003] logout', 1609335446, '117.152.80.156', '2020-12-30 21:37:26'),
(1647, 1665, '登录', 'msdl005[码商代理005] login', 1609335475, '117.152.80.156', '2020-12-30 21:37:55'),
(1648, 1, '允许接单', 'UPDATE sys_user SET `is_online`=''1'' WHERE id=1667', 1609337268, '117.152.80.156', '2020-12-30 22:07:48'),
(1649, 1, '禁止接单', 'UPDATE sys_user SET `is_online`=''0'' WHERE id=1664', 1609337595, '117.152.80.156', '2020-12-30 22:13:15'),
(1650, 1, '删除用户', 'UPDATE sk_ma SET `status`=''99'' WHERE uid=1663', 1609337717, '117.152.80.156', '2020-12-30 22:15:17'),
(1651, 1, '删除用户', 'UPDATE sk_ma SET `status`=''99'' WHERE uid=1664', 1609337720, '117.152.80.156', '2020-12-30 22:15:20'),
(1652, 1665, '退出', 'msdl005[码商代理005] logout', 1609341827, '117.152.80.156', '2020-12-30 23:23:47'),
(1653, 1667, '登录', 'sh003[商户003] login', 1609341835, '117.152.80.156', '2020-12-30 23:23:55'),
(1654, 1667, '退出', 'sh003[商户003] logout', 1609341953, '117.152.80.156', '2020-12-30 23:25:53'),
(1655, 1665, '登录', 'msdl005[码商代理005] login', 1609341964, '117.152.80.156', '2020-12-30 23:26:04'),
(1656, 1665, '退出', 'msdl005[码商代理005] logout', 1609342593, '117.152.80.156', '2020-12-30 23:36:33'),
(1657, 1661, '登录', 'ms003[码商003] login', 1609342610, '117.152.80.156', '2020-12-30 23:36:50'),
(1658, 1661, '退出', 'ms003[码商003] logout', 1609343513, '117.152.80.156', '2020-12-30 23:51:53'),
(1659, 1665, '登录', 'msdl005[码商代理005] login', 1609343524, '117.152.80.156', '2020-12-30 23:52:04'),
(1660, 1, '退出', 'admin[管理员] logout', 1609473578, '117.152.80.156', '2021-01-01 11:59:38'),
(1661, 1, '登录', 'admin[管理员] login', 1609473592, '117.152.80.156', '2021-01-01 11:59:52'),
(1662, 1, '登录', 'admin[管理员] login', 1609473642, '111.252.193.88', '2021-01-01 12:00:42'),
(1663, 1665, '禁用账号', 'UPDATE sys_user SET `status`=''1'',`is_online`=''0'' WHERE id=1660', 1609475486, '117.152.80.156', '2021-01-01 12:31:26'),
(1664, 1665, '启用账号', 'UPDATE sys_user SET `status`=''2'' WHERE id=1660', 1609475486, '117.152.80.156', '2021-01-01 12:31:26'),
(1665, 1665, '允许接单', 'UPDATE sys_user SET `is_online`=''1'' WHERE id=1660', 1609475489, '117.152.80.156', '2021-01-01 12:31:29'),
(1666, 1, '退出', 'admin[管理员] logout', 1609475945, '117.152.80.156', '2021-01-01 12:39:05'),
(1667, 1, '登录', 'admin[管理员] login', 1609476394, '117.152.80.156', '2021-01-01 12:46:34'),
(1668, 1, '退出', 'admin[管理员] logout', 1609492993, '117.152.80.156', '2021-01-01 17:23:13'),
(1669, 1, '登录', 'admin[管理员] login', 1609493001, '117.152.80.156', '2021-01-01 17:23:21'),
(1670, 1, '登录', 'admin[管理员] login', 1609558028, '117.152.80.156', '2021-01-02 11:27:08'),
(1671, 1, '退出', 'admin[管理员] logout', 1609761454, '117.152.82.73', '2021-01-04 19:57:34'),
(1672, 1, '登录', 'admin[管理员] login', 1609761462, '117.152.82.73', '2021-01-04 19:57:42'),
(1673, 1665, '退出', 'msdl005[码商代理005] logout', 1609767940, '117.152.82.73', '2021-01-04 21:45:40'),
(1674, 1661, '登录', 'ms003[码商003] login', 1609767947, '117.152.82.73', '2021-01-04 21:45:47'),
(1675, 1661, '退出', 'ms003[码商003] logout', 1609769723, '117.152.82.73', '2021-01-04 22:15:23'),
(1676, 1666, '登录', 'ms006[码商006] login', 1609769733, '117.152.82.73', '2021-01-04 22:15:33'),
(1677, 1, '禁止接单', 'UPDATE sys_user SET `is_online`=''0'' WHERE id=1660', 1609769816, '117.152.82.73', '2021-01-04 22:16:56'),
(1678, 1, '允许接单', 'UPDATE sys_user SET `is_online`=''1'' WHERE id=1660', 1609769819, '117.152.82.73', '2021-01-04 22:16:59'),
(1679, 1, '删除用户', 'UPDATE sk_ma SET `status`=''99'' WHERE uid=98', 1609770636, '117.152.82.73', '2021-01-04 22:30:36'),
(1680, 1, '删除用户', 'UPDATE sk_ma SET `status`=''99'' WHERE uid=98', 1609770675, '117.152.82.73', '2021-01-04 22:31:15'),
(1681, 1, '删除用户', 'UPDATE sk_ma SET `status`=''99'' WHERE uid=98', 1609770735, '117.152.82.73', '2021-01-04 22:32:15'),
(1682, 1, '删除用户', 'UPDATE sk_ma SET `status`=''99'' WHERE uid=96', 1609770738, '117.152.82.73', '2021-01-04 22:32:18'),
(1683, 1, '删除用户', 'UPDATE sk_ma SET `status`=''99'' WHERE uid=96', 1609770738, '117.152.82.73', '2021-01-04 22:32:18'),
(1684, 1, '删除收款码', 'UPDATE sk_ma SET `status`=''99'' WHERE id=98', 1609774287, '117.152.82.73', '2021-01-04 23:31:27'),
(1685, 1, '删除用户', 'UPDATE sk_ma SET `status`=''99'' WHERE uid=1666', 1609774468, '117.152.82.73', '2021-01-04 23:34:28'),
(1686, 1666, '登录', 'ms006[码商006] login', 1609774676, '117.152.82.73', '2021-01-04 23:37:56'),
(1687, 1, '删除用户', 'UPDATE sk_ma SET `status`=''99'' WHERE uid=1666', 1609774689, '117.152.82.73', '2021-01-04 23:38:09'),
(1688, 1666, '登录', 'ms006[码商006] login', 1609775206, '117.152.82.73', '2021-01-04 23:46:46'),
(1689, 1, '删除用户', 'UPDATE sk_ma SET `status`=''99'' WHERE uid=1666', 1609775236, '117.152.82.73', '2021-01-04 23:47:16'),
(1690, 1665, '登录', 'msdl005[码商代理005] login', 1609775262, '117.152.82.73', '2021-01-04 23:47:42'),
(1691, 1, '禁止接单', 'UPDATE sys_user SET `is_online`=''0'' WHERE id=1661', 1609776774, '117.152.82.73', '2021-01-05 00:12:54'),
(1692, 1, '允许接单', 'UPDATE sys_user SET `is_online`=''1'' WHERE id=1661', 1609776775, '117.152.82.73', '2021-01-05 00:12:55'),
(1693, 1, '收款码上线', 'UPDATE sk_ma SET `status`=''2'' WHERE id=98', 1609848216, '117.152.78.33', '2021-01-05 20:03:36'),
(1694, 1, '收款码下线', 'UPDATE sk_ma SET `status`=''1'' WHERE id=98', 1609848218, '117.152.78.33', '2021-01-05 20:03:38'),
(1695, 1, '收款码上线', 'UPDATE sk_ma SET `status`=''2'' WHERE id=98', 1609848221, '117.152.78.33', '2021-01-05 20:03:41'),
(1696, 1, '收款码下线', 'UPDATE sk_ma SET `status`=''1'' WHERE id=98', 1609848227, '117.152.78.33', '2021-01-05 20:03:47'),
(1697, 1, '收款码上线', 'UPDATE sk_ma SET `status`=''2'' WHERE id=98', 1609848232, '117.152.78.33', '2021-01-05 20:03:52'),
(1698, 1, '收款码下线', 'UPDATE sk_ma SET `status`=''1'' WHERE id=97', 1609848237, '117.152.78.33', '2021-01-05 20:03:57'),
(1699, 1, '收款码上线', 'UPDATE sk_ma SET `status`=''2'' WHERE id=97', 1609848241, '117.152.78.33', '2021-01-05 20:04:01'),
(1700, 1, '收款码下线', 'UPDATE sk_ma SET `status`=''1'' WHERE id=97', 1609848243, '117.152.78.33', '2021-01-05 20:04:03'),
(1701, 1, '收款码上线', 'UPDATE sk_ma SET `status`=''2'' WHERE id=97', 1609848244, '117.152.78.33', '2021-01-05 20:04:04'),
(1702, 1, '收款码下线', 'UPDATE sk_ma SET `status`=''1'' WHERE id=97', 1609848246, '117.152.78.33', '2021-01-05 20:04:06'),
(1703, 1, '收款码上线', 'UPDATE sk_ma SET `status`=''2'' WHERE id=94', 1609848250, '117.152.78.33', '2021-01-05 20:04:10'),
(1704, 1, '收款码下线', 'UPDATE sk_ma SET `status`=''1'' WHERE id=94', 1609848252, '117.152.78.33', '2021-01-05 20:04:12'),
(1705, 1, '收款码上线', 'UPDATE sk_ma SET `status`=''2'' WHERE id=96', 1609848254, '117.152.78.33', '2021-01-05 20:04:14'),
(1706, 1, '收款码上线', 'UPDATE sk_ma SET `status`=''2'' WHERE id=97', 1609848255, '117.152.78.33', '2021-01-05 20:04:15'),
(1707, 1, '收款码上线', 'UPDATE sk_ma SET `status`=''2'' WHERE id=94', 1609848258, '117.152.78.33', '2021-01-05 20:04:18'),
(1708, 1, '收款码下线', 'UPDATE sk_ma SET `status`=''1'' WHERE id=98', 1609848261, '117.152.78.33', '2021-01-05 20:04:21'),
(1709, 1, '收款码下线', 'UPDATE sk_ma SET `status`=''1'' WHERE id=97', 1609848262, '117.152.78.33', '2021-01-05 20:04:22'),
(1710, 1, '收款码下线', 'UPDATE sk_ma SET `status`=''1'' WHERE id=96', 1609848263, '117.152.78.33', '2021-01-05 20:04:23'),
(1711, 1, '收款码下线', 'UPDATE sk_ma SET `status`=''1'' WHERE id=95', 1609848265, '117.152.78.33', '2021-01-05 20:04:25'),
(1712, 1, '收款码下线', 'UPDATE sk_ma SET `status`=''1'' WHERE id=94', 1609848266, '117.152.78.33', '2021-01-05 20:04:26'),
(1713, 1, '收款码上线', 'UPDATE sk_ma SET `status`=''2'' WHERE id=98', 1609848267, '117.152.78.33', '2021-01-05 20:04:27'),
(1714, 1, '收款码下线', 'UPDATE sk_ma SET `status`=''1'' WHERE id=98', 1609848269, '117.152.78.33', '2021-01-05 20:04:29'),
(1715, 1, '收款码上线', 'UPDATE sk_ma SET `status`=''2'' WHERE id=98', 1609848270, '117.152.78.33', '2021-01-05 20:04:30'),
(1716, 1, '收款码下线', 'UPDATE sk_ma SET `status`=''1'' WHERE id=98', 1609848271, '117.152.78.33', '2021-01-05 20:04:31'),
(1717, 1, '收款码上线', 'UPDATE sk_ma SET `status`=''2'' WHERE id=98', 1609848273, '117.152.78.33', '2021-01-05 20:04:33'),
(1718, 1, '收款码下线', 'UPDATE sk_ma SET `status`=''1'' WHERE id=98', 1609848274, '117.152.78.33', '2021-01-05 20:04:34'),
(1719, 1, '收款码上线', 'UPDATE sk_ma SET `status`=''2'' WHERE id=97', 1609848276, '117.152.78.33', '2021-01-05 20:04:36'),
(1720, 1, '收款码上线', 'UPDATE sk_ma SET `status`=''2'' WHERE id=96', 1609848279, '117.152.78.33', '2021-01-05 20:04:39'),
(1721, 1, '收款码上线', 'UPDATE sk_ma SET `status`=''2'' WHERE id=95', 1609848280, '117.152.78.33', '2021-01-05 20:04:40'),
(1722, 1, '收款码下线', 'UPDATE sk_ma SET `status`=''1'' WHERE id=95', 1609848281, '117.152.78.33', '2021-01-05 20:04:41'),
(1723, 1, '收款码下线', 'UPDATE sk_ma SET `status`=''1'' WHERE id=96', 1609848284, '117.152.78.33', '2021-01-05 20:04:44'),
(1724, 1, '收款码上线', 'UPDATE sk_ma SET `status`=''2'' WHERE id=95', 1609848285, '117.152.78.33', '2021-01-05 20:04:45'),
(1725, 1, '收款码下线', 'UPDATE sk_ma SET `status`=''1'' WHERE id=95', 1609848288, '117.152.78.33', '2021-01-05 20:04:48'),
(1726, 1, '收款码上线', 'UPDATE sk_ma SET `status`=''2'' WHERE id=98', 1609848296, '117.152.78.33', '2021-01-05 20:04:56'),
(1727, 1, '收款码上线', 'UPDATE sk_ma SET `status`=''2'' WHERE id=96', 1609848297, '117.152.78.33', '2021-01-05 20:04:57'),
(1728, 1, '收款码上线', 'UPDATE sk_ma SET `status`=''2'' WHERE id=95', 1609848297, '117.152.78.33', '2021-01-05 20:04:57'),
(1729, 1, '收款码上线', 'UPDATE sk_ma SET `status`=''2'' WHERE id=94', 1609848298, '117.152.78.33', '2021-01-05 20:04:58'),
(1730, 1, '删除收款码', 'UPDATE sk_ma SET `status`=''99'' WHERE id=98', 1609848304, '117.152.78.33', '2021-01-05 20:05:04'),
(1731, 1, '收款码下线', 'UPDATE sk_ma SET `status`=''1'' WHERE id=96', 1609853657, '117.152.78.33', '2021-01-05 21:34:17'),
(1732, 1, '收款码上线', 'UPDATE sk_ma SET `status`=''2'' WHERE id=96', 1609854027, '117.152.78.33', '2021-01-05 21:40:27'),
(1733, 1, '收款码上线', 'UPDATE sk_ma SET `status`=''2'' WHERE id=98', 1609854030, '117.152.78.33', '2021-01-05 21:40:30'),
(1734, 1, '收款码下线', 'UPDATE sk_ma SET `status`=''1'' WHERE id=98', 1609854042, '117.152.78.33', '2021-01-05 21:40:42'),
(1735, 1, '收款码上线', 'UPDATE sk_ma SET `status`=''2'' WHERE id=98', 1609854042, '117.152.78.33', '2021-01-05 21:40:42'),
(1736, 1, '收款码下线', 'UPDATE sk_ma SET `status`=''1'' WHERE id=96', 1609854356, '117.152.78.33', '2021-01-05 21:45:56'),
(1737, 1, '收款码下线', 'UPDATE sk_ma SET `status`=''1'' WHERE id=94', 1609854356, '117.152.78.33', '2021-01-05 21:45:56'),
(1738, 1, '收款码上线', 'UPDATE sk_ma SET `status`=''2'' WHERE id=96', 1609855189, '117.152.78.33', '2021-01-05 21:59:49'),
(1739, 1, '收款码下线', 'UPDATE sk_ma SET `status`=''1'' WHERE id=98', 1609855190, '117.152.78.33', '2021-01-05 21:59:50'),
(1740, 1, '更新收款码', '{"uid":1666,"mtype_id":204,"mt_money":0,"ma_cookie":"test-cookie","ma_account":"test_comm_12345678","min_money":0,"max_money":20000,"id":98}', 1609862233, '117.152.78.33', '2021-01-05 23:57:13'),
(1741, 1, '更新收款码', '{"uid":1666,"mtype_id":204,"mt_money":0,"ma_cookie":"test-cookie","ma_account":"test_comm_123456","min_money":0,"max_money":20000,"id":98}', 1609862259, '117.152.78.33', '2021-01-05 23:57:39'),
(1742, 1, '更新收款码', '{"uid":1666,"mtype_id":204,"mt_money":0,"ma_cookie":"test-cookie","ma_account":"test_comm_12345","min_money":0,"max_money":20000,"id":98}', 1609862274, '117.152.78.33', '2021-01-05 23:57:54'),
(1743, 1, '更新收款码', '{"uid":1666,"mtype_id":204,"mt_money":5000,"ma_cookie":"test-cookie","ma_account":"test_comm_12345","min_money":0,"max_money":20000,"id":98}', 1609862281, '117.152.78.33', '2021-01-05 23:58:01'),
(1744, 1, '收款码上线', 'UPDATE sk_ma SET `status`=''2'',`fz_time`=''0'' WHERE id=98', 1609862306, '117.152.78.33', '2021-01-05 23:58:26'),
(1745, 1, '收款码下线', 'UPDATE sk_ma SET `status`=''1'' WHERE id=98', 1609862308, '117.152.78.33', '2021-01-05 23:58:28'),
(1746, 1666, '登录', 'ms006[码商006] login', 1609862426, '117.152.78.33', '2021-01-06 00:00:26'),
(1747, 1666, '更新收款码', '{"uid":1666,"mtype_id":204,"mt_money":0,"ma_cookie":"my-test-cookie-001","ma_account":"my-yy-ma001","min_money":0,"max_money":20000,"status":1,"create_time":1609862467,"fz_time":1617638467,"id":99}', 1609862467, '117.152.78.33', '2021-01-06 00:01:07'),
(1748, 1666, '收款码上线', 'UPDATE sk_ma SET `status`=''2'',`fz_time`=''0'' WHERE id=99', 1609862483, '117.152.78.33', '2021-01-06 00:01:23'),
(1749, 1666, '收款码下线', 'UPDATE sk_ma SET `status`=''1'' WHERE id=99', 1609862487, '117.152.78.33', '2021-01-06 00:01:27'),
(1750, 1666, '更新收款码', '{"uid":1666,"mtype_id":204,"mt_money":7777,"ma_cookie":"my-test-cookie-001","ma_account":"my-yy-ma001","min_money":0,"max_money":20000,"id":99}', 1609862513, '117.152.78.33', '2021-01-06 00:01:53'),
(1751, 1, '禁止接单', 'UPDATE sys_user SET `is_online`=''0'' WHERE id=1662', 1609862789, '117.152.78.33', '2021-01-06 00:06:29'),
(1752, 1, '禁止接单', 'UPDATE sys_user SET `is_online`=''0'' WHERE id=1665', 1609862790, '117.152.78.33', '2021-01-06 00:06:30'),
(1753, 1, '退出', 'admin[管理员] logout', 1609862901, '117.152.78.33', '2021-01-06 00:08:21'),
(1754, 1, '登录', 'admin[管理员] login', 1609862912, '117.152.78.33', '2021-01-06 00:08:32'),
(1755, 1, '退出', 'admin[管理员] logout', 1609863844, '117.152.78.33', '2021-01-06 00:24:04'),
(1756, 1, '登录', 'admin[管理员] login', 1609863852, '117.152.78.33', '2021-01-06 00:24:12'),
(1757, 1, '登录', 'admin[管理员] login', 1609906991, '119.103.18.28', '2021-01-06 12:23:11'),
(1758, 1, '删除用户', 'UPDATE sk_ma SET `status`=''99'' WHERE uid=1666', 1610105503, '117.152.83.8', '2021-01-08 19:31:43'),
(1759, 1665, '登录', 'msdl005[码商代理005] login', 1610105620, '117.152.83.8', '2021-01-08 19:33:40'),
(1760, 1, '收款码下线', 'UPDATE sk_ma SET `status`=''1'' WHERE id=98', 1610106080, '117.152.83.8', '2021-01-08 19:41:20'),
(1761, 1, '收款码上线', 'UPDATE sk_ma SET `status`=''2'',`fz_time`=''0'' WHERE id=95', 1610106081, '117.152.83.8', '2021-01-08 19:41:21'),
(1762, 1, '退出', 'admin[管理员] logout', 1610158370, '117.152.83.8', '2021-01-09 10:12:50'),
(1763, 1, '登录', 'admin[管理员] login', 1610158380, '117.152.83.8', '2021-01-09 10:13:00'),
(1764, 1, '登录', 'admin[gggg] login', 1610162777, '117.152.83.8', '2021-01-09 11:26:17'),
(1765, 1, '登录', 'admin[aaaaa] login', 1610163336, '117.152.83.8', '2021-01-09 11:35:36'),
(1766, 1, '退出', 'admin[管理员] logout', 1610166391, '117.152.83.8', '2021-01-09 12:26:31'),
(1767, 1, '登录', 'admin[管理员] login', 1610166418, '117.152.83.8', '2021-01-09 12:26:58'),
(1768, 1665, '退出', 'msdl005[码商代理5] logout', 1610166693, '117.152.83.8', '2021-01-09 12:31:33'),
(1769, 1, '退出', 'admin[至高无上的管理员] logout', 1610169114, '117.152.83.8', '2021-01-09 13:11:54'),
(1770, 1, '登录', 'admin[至高无上的管理员] login', 1610169124, '117.152.83.8', '2021-01-09 13:12:04'),
(1771, 1665, '登录', 'msdl005[码商代理5] login', 1610195073, '117.152.83.8', '2021-01-09 20:24:33'),
(1772, 1, '启用账号', 'UPDATE sys_user SET `status`=''2'' WHERE id=1659', 1610208984, '117.152.83.8', '2021-01-10 00:16:24'),
(1773, 1, '禁用账号', 'UPDATE sys_user SET `status`=''1'',`is_online`=''0'' WHERE id=1659', 1610208989, '117.152.83.8', '2021-01-10 00:16:29'),
(1774, 1, '启用账号', 'UPDATE sys_user SET `status`=''2'' WHERE id=1659', 1610208992, '117.152.83.8', '2021-01-10 00:16:32'),
(1775, 1665, '退出', 'msdl005[码商代理5] logout', 1610210383, '117.152.83.8', '2021-01-10 00:39:43'),
(1776, 1661, '登录', 'ms003[码商003] login', 1610210393, '117.152.83.8', '2021-01-10 00:39:53'),
(1777, 1661, '禁用账号', 'UPDATE sys_user SET `status`=''1'',`is_online`=''0'' WHERE id=1662', 1610210427, '117.152.83.8', '2021-01-10 00:40:27'),
(1778, 1661, '启用账号', 'UPDATE sys_user SET `status`=''2'' WHERE id=1662', 1610210428, '117.152.83.8', '2021-01-10 00:40:28'),
(1779, 1661, '退出', 'ms003[码商003] logout', 1610211698, '117.152.83.8', '2021-01-10 01:01:38'),
(1780, 1665, '登录', 'msdl005[码商代理5] login', 1610211707, '117.152.83.8', '2021-01-10 01:01:47'),
(1781, 1665, '退出', 'msdl005[码商代理5] logout', 1610211873, '117.152.83.8', '2021-01-10 01:04:33'),
(1782, 1661, '登录', 'ms003[码商003] login', 1610211883, '117.152.83.8', '2021-01-10 01:04:43'),
(1783, 1661, '退出', 'ms003[码商003] logout', 1610252777, '117.152.83.8', '2021-01-10 12:26:17'),
(1784, 1665, '登录', 'msdl005[码商代理5] login', 1610252787, '117.152.83.8', '2021-01-10 12:26:27'),
(1785, 1, '退出', 'admin[至高无上的管理员] logout', 1610256809, '117.152.83.8', '2021-01-10 13:33:29'),
(1786, 1, '登录', 'admin[至高无上的管理员] login', 1610256818, '117.152.83.8', '2021-01-10 13:33:38'),
(1787, 1, '退出', 'admin[至高无上的管理员] logout', 1610257253, '117.152.83.8', '2021-01-10 13:40:53'),
(1788, 1, '登录', 'admin[至高无上的管理员] login', 1610257260, '117.152.83.8', '2021-01-10 13:41:00'),
(1789, 1665, '退出', 'msdl005[码商代理5] logout', 1610265764, '117.152.83.8', '2021-01-10 16:02:44'),
(1790, 1663, '登录', 'shdl001[商户代理001] login', 1610265940, '117.152.83.8', '2021-01-10 16:05:40'),
(1791, 1663, '退出', 'shdl001[商户代理001] logout', 1610281430, '117.152.83.8', '2021-01-10 20:23:50'),
(1792, 1663, '登录', 'shdl001[商户代理001] login', 1610281440, '117.152.83.8', '2021-01-10 20:24:00'),
(1793, 1, '登录', 'admin[至高无上的管理员] login', 1610296327, '27.18.27.17', '2021-01-11 00:32:07'),
(1794, 1, '收款码下线', 'UPDATE sk_ma SET `status`=''1'' WHERE id=99', 1610296387, '27.18.27.17', '2021-01-11 00:33:07'),
(1795, 1, '收款码上线', 'UPDATE sk_ma SET `status`=''2'',`fz_time`=''0'' WHERE id=99', 1610296388, '27.18.27.17', '2021-01-11 00:33:08'),
(1796, 1, '收款码上线', 'UPDATE sk_ma SET `status`=''2'',`fz_time`=''0'' WHERE id=98', 1610296389, '27.18.27.17', '2021-01-11 00:33:09'),
(1797, 1, '收款码上线', 'UPDATE sk_ma SET `status`=''2'',`fz_time`=''0'' WHERE id=96', 1610296390, '27.18.27.17', '2021-01-11 00:33:10'),
(1798, 1, '收款码下线', 'UPDATE sk_ma SET `status`=''1'' WHERE id=97', 1610296896, '27.18.27.17', '2021-01-11 00:41:36'),
(1799, 1, '收款码上线', 'UPDATE sk_ma SET `status`=''2'',`fz_time`=''0'' WHERE id=97', 1610296897, '27.18.27.17', '2021-01-11 00:41:37'),
(1800, 1, '收款码下线', 'UPDATE sk_ma SET `status`=''1'' WHERE id=96', 1610296898, '27.18.27.17', '2021-01-11 00:41:38'),
(1801, 1, '收款码上线', 'UPDATE sk_ma SET `status`=''2'',`fz_time`=''0'' WHERE id=96', 1610296898, '27.18.27.17', '2021-01-11 00:41:38'),
(1802, 1, '收款码上线', 'UPDATE sk_ma SET `status`=''2'',`fz_time`=''0'' WHERE id=94', 1610296954, '27.18.27.17', '2021-01-11 00:42:34'),
(1803, 1, '收款码下线', 'UPDATE sk_ma SET `status`=''1'' WHERE id=94', 1610296955, '27.18.27.17', '2021-01-11 00:42:35'),
(1804, 1, '收款码上线', 'UPDATE sk_ma SET `status`=''2'',`fz_time`=''0'' WHERE id=94', 1610296956, '27.18.27.17', '2021-01-11 00:42:36'),
(1805, 1663, '退出', 'shdl001[商户代理001] logout', 1610374127, '117.152.77.213', '2021-01-11 22:08:47'),
(1806, 1665, '登录', 'msdl005[码商代理5] login', 1610381098, '117.152.77.213', '2021-01-12 00:04:58'),
(1807, 1665, '退出', 'msdl005[码商代理5] logout', 1610385836, '117.152.77.213', '2021-01-12 01:23:56'),
(1808, 1663, '登录', 'shdl001[商户代理001] login', 1610385867, '117.152.77.213', '2021-01-12 01:24:27'),
(1809, 1, '收款码下线', 'UPDATE sk_ma SET `status`=''1'' WHERE id=95', 1610456164, '27.18.27.17', '2021-01-12 20:56:04'),
(1810, 1, '收款码上线', 'UPDATE sk_ma SET `status`=''2'',`fz_time`=''0'' WHERE id=95', 1610456164, '27.18.27.17', '2021-01-12 20:56:04'),
(1811, 1663, '退出', 'shdl001[商户代理001] logout', 1610627260, '117.152.83.33', '2021-01-14 20:27:40'),
(1812, 1665, '登录', 'msdl005[码商代理5] login', 1610627271, '117.152.83.33', '2021-01-14 20:27:51'),
(1813, 1665, '退出', 'msdl005[码商代理5] logout', 1610631421, '117.152.83.33', '2021-01-14 21:37:01'),
(1814, 1666, '登录', 'ms006[码商06] login', 1610631430, '117.152.83.33', '2021-01-14 21:37:10'),
(1815, 1666, '收款码下线', 'UPDATE sk_ma SET `status`=''1'' WHERE id=99', 1610631457, '117.152.83.33', '2021-01-14 21:37:37'),
(1816, 1666, '收款码上线', 'UPDATE sk_ma SET `status`=''2'',`fz_time`=''0'' WHERE id=99', 1610631458, '117.152.83.33', '2021-01-14 21:37:38'),
(1817, 1666, '收款码下线', 'UPDATE sk_ma SET `status`=''1'' WHERE id=98', 1610631464, '117.152.83.33', '2021-01-14 21:37:44'),
(1818, 1666, '收款码上线', 'UPDATE sk_ma SET `status`=''2'',`fz_time`=''0'' WHERE id=98', 1610639458, '117.152.83.33', '2021-01-14 23:50:58'),
(1819, 1, '收款码下线', 'UPDATE sk_ma SET `status`=''1'' WHERE id=99', 1610644756, '117.152.83.33', '2021-01-15 01:19:16'),
(1820, 1, '收款码上线', 'UPDATE sk_ma SET `status`=''2'',`fz_time`=''0'' WHERE id=99', 1610644757, '117.152.83.33', '2021-01-15 01:19:17');

-- --------------------------------------------------------

--
-- 表的结构 `sys_news`
--

CREATE TABLE IF NOT EXISTS `sys_news` (
  `id` int(11) NOT NULL,
  `cid` int(11) DEFAULT NULL,
  `title` varchar(128) DEFAULT NULL,
  `create_time` int(11) DEFAULT NULL,
  `publish_time` int(11) DEFAULT NULL COMMENT '发布时间',
  `status` tinyint(2) DEFAULT '1' COMMENT '1待发布 2已发布 4已删除',
  `create_id` int(11) DEFAULT NULL,
  `author` varchar(32) DEFAULT NULL COMMENT '作者',
  `cover` varchar(128) DEFAULT NULL COMMENT '封面图',
  `ndesc` varchar(255) DEFAULT NULL COMMENT '摘要',
  `content` text
) ENGINE=InnoDB DEFAULT CHARSET=utf8 ROW_FORMAT=DYNAMIC;

-- --------------------------------------------------------

--
-- 表的结构 `sys_news_cat`
--

CREATE TABLE IF NOT EXISTS `sys_news_cat` (
  `id` int(11) NOT NULL,
  `cat_name` varchar(64) DEFAULT NULL,
  `sort` mediumint(8) DEFAULT '100',
  `create_timie` int(255) DEFAULT NULL,
  `is_show` tinyint(2) DEFAULT '0'
) ENGINE=InnoDB AUTO_INCREMENT=6 DEFAULT CHARSET=utf8 ROW_FORMAT=DYNAMIC;

--
-- 转存表中的数据 `sys_news_cat`
--

INSERT INTO `sys_news_cat` (`id`, `cat_name`, `sort`, `create_timie`, `is_show`) VALUES
(1, '基本文章', 100, 0, 0),
(2, '系统消息', 100, 0, 1),
(3, '通知公告', 100, 0, 1),
(5, '其他杂项', 100, 0, 1);

-- --------------------------------------------------------

--
-- 表的结构 `sys_node`
--

CREATE TABLE IF NOT EXISTS `sys_node` (
  `id` int(11) NOT NULL,
  `pid` int(11) DEFAULT '0',
  `name` varchar(32) DEFAULT NULL COMMENT '名称',
  `nkey` varchar(32) DEFAULT NULL,
  `type` tinyint(2) DEFAULT '0' COMMENT '0节点1菜单',
  `ico` varchar(255) DEFAULT NULL,
  `public` tinyint(2) DEFAULT '0' COMMENT '是否是公共节点',
  `sort` mediumint(8) DEFAULT '100',
  `pre_path` varchar(64) DEFAULT NULL,
  `url` varchar(128) DEFAULT NULL,
  `remark` varchar(128) DEFAULT NULL,
  `create_time` int(11) DEFAULT NULL
) ENGINE=InnoDB AUTO_INCREMENT=523 DEFAULT CHARSET=utf8 ROW_FORMAT=DYNAMIC;

--
-- 转存表中的数据 `sys_node`
--

INSERT INTO `sys_node` (`id`, `pid`, `name`, `nkey`, `type`, `ico`, `public`, `sort`, `pre_path`, `url`, `remark`, `create_time`) VALUES
(1, 0, '后台首页', 'Index_index', 0, NULL, 0, 100, '0', NULL, NULL, NULL),
(2, 0, '用户管理', 'User', 1, '&#xe613;', 0, 2, '0', NULL, NULL, NULL),
(3, 0, '资金管理', 'Finance', 1, '&#xe65e;', 0, 3, '0', NULL, NULL, NULL),
(4, 0, '订单管理', 'Pay', 1, '&#xe60a;', 0, 4, '0', NULL, NULL, NULL),
(5, 0, '配置管理', 'Sys', 1, '&#xe716;', 0, 5, '0', NULL, NULL, NULL),
(6, 0, NULL, '002', 0, '&#x1007;', 0, 6, '0', NULL, NULL, NULL),
(7, 0, NULL, '003', 0, '&#x1005;', 0, 7, '0', NULL, NULL, NULL),
(8, 0, '咸鱼代付', 'Xianyu', 0, '&#xe66c;', 0, 8, '0', NULL, NULL, NULL),
(9, 0, '对接文档', 'Api', 1, '&#xe705;', 0, 9, '0', NULL, NULL, NULL),
(20, 2, '我的代理', 'User_Agent', 1, '&#xe66f;', 0, 100, '2-20', NULL, NULL, NULL),
(21, 2, '我的商户', 'User_Merchant', 1, '&#xe66f;', 0, 100, '2-21', NULL, NULL, NULL),
(30, 3, '旗下用户', 'Finance_User', 1, '&#xe66f;', 0, 100, '3-30', NULL, NULL, NULL),
(31, 3, '我的账户', 'Finance_Account', 1, '&#xe63c;', 0, 100, '3-31', NULL, NULL, NULL),
(32, 3, '我的银行卡', 'Finance_Card', 1, '&#xe638;', 0, 100, '3-32', NULL, NULL, NULL),
(33, 3, '提现记录', 'Finance_CashLog', 1, '&#xe659;', 0, 100, '3-33', NULL, NULL, NULL),
(34, 3, '收款管理', '004', 0, '&#x1005;', 0, 100, '3-34', NULL, NULL, NULL),
(35, 3, '异常收款', '005', 0, '&#x1007;', 0, 100, '3-35', NULL, NULL, NULL),
(36, 3, NULL, '006', 0, '&#xe659;', 0, 100, '3-36', NULL, NULL, NULL),
(40, 4, '订单明细', 'Pay_Order', 1, '&#xe60a;', 0, 100, '4-40', NULL, NULL, NULL),
(41, 4, '收款码', 'Pay_Skma', 1, '&#xe66c;', 0, 100, '4-41', NULL, NULL, NULL),
(42, 4, '闲鱼代付', 'Pay_Xianyu', 0, '&#xe66c;', 0, 100, '4-42', NULL, NULL, NULL),
(43, 4, '创建订单', 'Pay_Index', 0, '&#xe66c;', 1, 100, '4-43', NULL, NULL, NULL),
(44, 4, '订单查询', 'Pay_Query', 0, '&#xe66c;', 1, 100, '4-44', NULL, NULL, NULL),
(45, 4, '订单回调', 'Pay_Notify', 0, '&#xe66c;', 1, 100, '4-45', NULL, NULL, NULL),
(50, 5, '系统配置', 'Sys_Config', 1, '&#xe716;', 0, 100, '5-50', NULL, NULL, NULL),
(51, 5, '菜单配置', 'Sys_Menu', 0, '&#xe716;', 0, 100, '5-51', NULL, NULL, NULL),
(52, 5, '个人信息', 'Sys_User', 0, '&#xe716;', 0, 100, '5-52', NULL, NULL, NULL),
(53, 5, '系统日志', 'Sys_Log', 1, '&#xe716;', 0, 100, '5-53', NULL, NULL, NULL),
(200, 20, '代理列表', 'User_Agentlist', 0, '&#xe66f;', 0, 100, '2-20-200', NULL, NULL, NULL),
(201, 20, '添加用户', 'User_UserAdd', 0, '&#xe66f;', 0, 100, '2-20-201', NULL, NULL, NULL),
(202, 20, '添加或编辑用户', 'User_UserUpdate', 0, '&#xe66f;', 0, 100, '2-20-202', NULL, NULL, NULL),
(203, 20, '删除用户', 'User_UserDelete', 0, '&#xe66f;', 0, 100, '2-20-203', NULL, NULL, NULL),
(204, 20, '用户通道费率', 'User_ChannelRate', 0, '&#xe66f;', 0, 100, '2-20-204', NULL, NULL, NULL),
(205, 20, '用户上下线', 'User_OnlineStatus', 0, '&#xe66f;', 0, 100, '2-20-205', NULL, NULL, NULL),
(206, 20, '禁用账号', 'User_ForbiddenStatus', 0, '&#xe66f;', 0, 100, '2-20-206', NULL, NULL, NULL),
(210, 21, '商户列表', 'User_MerchantList', 0, '&#xe66f;', 0, 100, '2-21-210', NULL, NULL, NULL),
(300, 30, '用户列表', 'Finance_UserList', 0, '&#xe66f;', 0, 100, '3-30-300', NULL, NULL, NULL),
(301, 30, '用户充值', 'Finance_UserRecharge', 0, '&#xe66f;', 0, 100, '3-30-301', NULL, NULL, NULL),
(310, 31, '帐户概览', 'Finance_Overview', 0, '&#xe63c;', 0, 100, '3-31-310', NULL, NULL, NULL),
(311, 31, '资金明细', 'Finance_Detail', 0, '&#xe63c;', 0, 100, '3-31-311', NULL, NULL, NULL),
(312, 31, '申请提现', 'Finance_Withdrawal', 0, '&#xe63c;', 0, 100, '3-31-312', NULL, NULL, NULL),
(320, 32, '银行卡列表', 'Finance_CardList', 0, '&#xe66f;', 0, 100, '3-32-320', NULL, NULL, NULL),
(321, 32, '添加银行卡', 'Finance_CardAdd', 0, '&#xe66f;', 0, 100, '3-32-321', NULL, NULL, NULL),
(322, 32, '添加或编辑银行卡', 'Finance_CardUpdate', 0, '&#xe66f;', 0, 100, '3-32-322', NULL, NULL, NULL),
(323, 32, '删除银行卡', 'Finance_CardDelete', 0, '&#xe66f;', 0, 100, '3-32-323', NULL, NULL, NULL),
(330, 33, '商户提现记录', 'Finance_CashLogList', 0, '&#xe659;', 0, 100, '3-33-330', NULL, NULL, NULL),
(331, 33, '提现记录撤回', 'Finance_CashLogRollback', 0, '&#xe659;', 0, 100, '3-33-331', NULL, NULL, NULL),
(332, 33, '提现审核通过', 'Finance_CashLogPass', 0, '&#xe659;', 0, 100, '3-33-332', NULL, NULL, NULL),
(333, 33, '提现审核驳回', 'Finance_CashLogDeny', 0, '&#xe659;', 0, 100, '3-33-333', NULL, NULL, NULL),
(400, 40, '订单列表', 'Pay_OrderList', 0, '&#xe66c;', 0, 100, '4-40-400', NULL, NULL, NULL),
(401, 40, '创建订单', 'Pay_OrderAdd', 0, '&#xe66c;', 0, 100, '4-40-401', NULL, NULL, NULL),
(402, 40, '订单回调', 'Pay_OrderCallback', 0, '&#xe66c;', 0, 100, '4-40-402', NULL, NULL, NULL),
(403, 40, '超时补单', 'Pay_OrderPatch', 0, '&#xe66c;', 0, 100, '4-40-403', NULL, NULL, NULL),
(410, 41, '收款码列表', 'Pay_SkmaList', 0, '&#xe66c;', 0, 100, '4-41-410', NULL, NULL, NULL),
(411, 41, '新增收款码', 'Pay_SkmaAdd', 0, '&#xe66c;', 0, 100, '4-41-411', NULL, NULL, NULL),
(412, 41, '更新收款码', 'Pay_SkmaUpdate', 0, '&#xe66c;', 0, 100, '4-41-412', NULL, NULL, NULL),
(413, 41, '删除收款码', 'Pay_SkmaDelete', 0, '&#xe66c;', 0, 100, '4-41-413', NULL, NULL, NULL),
(414, 41, '收款码上下线', 'Pay_SkmaOnline', 0, '&#xe66c;', 0, 100, '4-41-414', NULL, NULL, NULL),
(415, 41, '收款码测试', 'Pay_SkmaTest', 0, '&#xe66c;', 0, 100, '4-41-415', NULL, NULL, NULL),
(420, 42, '闲鱼码列表', 'Pay_XianyuList', 0, '&#xe66c;', 0, 100, '4-42-420', NULL, NULL, NULL),
(520, 52, '基本资料', 'Sys_Userinfo', 0, '&#xe716;', 0, 100, '5-52-520', NULL, NULL, NULL),
(521, 52, '安全设置', 'Sys_Password', 0, '&#xe716;', 0, 100, '5-52-521', NULL, NULL, NULL),
(522, 52, '安全设置', 'Sys_UserUpdate', 0, '&#xe716;', 0, 100, '5-52-522', NULL, NULL, NULL);

-- --------------------------------------------------------

--
-- 表的结构 `sys_user`
--

CREATE TABLE IF NOT EXISTS `sys_user` (
  `id` int(11) NOT NULL,
  `pid` int(11) DEFAULT '0' COMMENT '父级id',
  `gid` mediumint(9) DEFAULT '0' COMMENT '用户分组',
  `openid` varchar(32) DEFAULT NULL,
  `unionid` varchar(32) DEFAULT NULL,
  `account` varchar(32) DEFAULT NULL COMMENT '账号',
  `phone` varchar(16) DEFAULT NULL COMMENT '手机号',
  `password` varchar(64) DEFAULT NULL COMMENT '密码',
  `password2` varchar(64) DEFAULT NULL COMMENT '二级密码',
  `coin` int(11) DEFAULT '0' COMMENT '积分',
  `balance` decimal(16,2) DEFAULT '0.00' COMMENT '可用余额',
  `sx_balance` decimal(16,2) DEFAULT '0.00',
  `fz_balance` decimal(16,2) DEFAULT '0.00' COMMENT '冻结中余额',
  `kb_balance` decimal(16,2) DEFAULT '0.00' COMMENT '可拨款余额',
  `fy_rate` varchar(128) DEFAULT NULL COMMENT '码商分成比例json',
  `td_rate` varchar(128) DEFAULT NULL COMMENT '通道费率json',
  `td_switch` varchar(128) DEFAULT NULL COMMENT '通道开关',
  `apikey` varchar(64) DEFAULT NULL,
  `is_rsa` tinyint(2) DEFAULT '0' COMMENT '是否开启rsa',
  `rsa_public` text,
  `rsa_private` text,
  `apiauto` tinyint(2) DEFAULT '0' COMMENT '是否接收自动回调',
  `appoint_agent` varchar(255) DEFAULT NULL COMMENT '指定代理',
  `appoint_ms` varchar(255) DEFAULT NULL COMMENT '指定码商',
  `nickname` varchar(64) CHARACTER SET utf8mb4 DEFAULT NULL COMMENT '昵称',
  `realname` varchar(32) CHARACTER SET utf8mb4 DEFAULT NULL COMMENT '真实姓名',
  `icode` varchar(8) DEFAULT NULL COMMENT '邀请码',
  `status` tinyint(2) DEFAULT '2' COMMENT '1禁用2正常99删除',
  `forbid_time_flag` varchar(8) DEFAULT '0',
  `forbid_time` bigint(16) DEFAULT '0',
  `forbid_msg` varchar(128) DEFAULT NULL,
  `du_open` tinyint(2) DEFAULT '1',
  `du_open_flag` varchar(32) DEFAULT NULL,
  `forbid_day` int(11) DEFAULT '0',
  `is_online` tinyint(2) DEFAULT '0' COMMENT '是否在线',
  `online_time` int(11) DEFAULT '0' COMMENT '最后在线时间',
  `queue_time` int(11) DEFAULT '0' COMMENT '排队时间',
  `is_google` tinyint(2) DEFAULT '0' COMMENT '是否开启验证',
  `google_secret` varchar(32) DEFAULT NULL,
  `google_hide` tinyint(2) DEFAULT '0' COMMENT '隐藏谷歌信息',
  `ma_min_money` decimal(16,2) DEFAULT '0.00' COMMENT '收款码最小额度',
  `ma_max_money` decimal(16,2) DEFAULT '20000.00' COMMENT '收款码最大额度',
  `latitude` varchar(32) DEFAULT NULL COMMENT '纬度',
  `longitude` varchar(32) DEFAULT NULL COMMENT '经度',
  `address` varchar(200) DEFAULT NULL,
  `sex` tinyint(2) DEFAULT '0' COMMENT '1男2女0未知',
  `country` varchar(32) DEFAULT NULL COMMENT '国家',
  `province` varchar(32) DEFAULT NULL COMMENT '省份',
  `city` varchar(32) DEFAULT NULL COMMENT '城市',
  `reg_time` int(11) DEFAULT NULL COMMENT '注册时间',
  `reg_ip` varchar(16) DEFAULT NULL COMMENT '注册ip',
  `login_time` int(11) DEFAULT NULL COMMENT '最后登录时间',
  `login_ip` varchar(16) DEFAULT NULL COMMENT '最后登录ip',
  `headimgurl` text COMMENT '头像'
) ENGINE=InnoDB AUTO_INCREMENT=1674 DEFAULT CHARSET=utf8 ROW_FORMAT=DYNAMIC;

--
-- 转存表中的数据 `sys_user`
--

INSERT INTO `sys_user` (`id`, `pid`, `gid`, `openid`, `unionid`, `account`, `phone`, `password`, `password2`, `coin`, `balance`, `sx_balance`, `fz_balance`, `kb_balance`, `fy_rate`, `td_rate`, `td_switch`, `apikey`, `is_rsa`, `rsa_public`, `rsa_private`, `apiauto`, `appoint_agent`, `appoint_ms`, `nickname`, `realname`, `icode`, `status`, `forbid_time_flag`, `forbid_time`, `forbid_msg`, `du_open`, `du_open_flag`, `forbid_day`, `is_online`, `online_time`, `queue_time`, `is_google`, `google_secret`, `google_hide`, `ma_min_money`, `ma_max_money`, `latitude`, `longitude`, `address`, `sex`, `country`, `province`, `city`, `reg_time`, `reg_ip`, `login_time`, `login_ip`, `headimgurl`) VALUES
(1, 0, 1, 'admin', 'admin', 'admin', NULL, '67cd38717099e67e25e2e3995d4ca87eeb05e6c4', '67cd38717099e67e25e2e3995d4ca87eeb05e6c4', 0, '0.00', '0.00', '0.00', '0.00', '{"101":0,"201":0,"202":0,"203":0,"301":0,"302":0,"401":0,"501":0,"601":0}', '{"101":0,"201":0,"202":0,"203":0,"301":0,"302":0,"401":0,"501":0,"601":0}', '{"101":0,"201":0,"202":0,"203":0,"301":0,"302":0,"401":0,"501":0,"601":0}', '', 0, '', NULL, 0, '', NULL, '至高无上的管理员', '管理员', 'eu7832', 2, 'max', 3199592276, '', 1, NULL, 0, 0, 1576339572, 1576339570, 0, 'YCZFQ2GORHTBIYA6', 0, '0.00', '0.00', '', '', '', 0, '', '', '', 0, '', 1610296327, '27.18.27.17', 'public/images/head.png'),
(1659, 1, 61, NULL, NULL, 'msdl001', NULL, '67cd38717099e67e25e2e3995d4ca87eeb05e6c4', '67cd38717099e67e25e2e3995d4ca87eeb05e6c4', 0, '4000.00', '0.00', '0.00', '0.00', '{"204":0.01,"205":0.01}', '{"101":0,"201":0,"202":0,"203":0,"301":0,"302":0,"401":0,"501":0,"601":0}', '{"204":1,"205":1}', NULL, 0, NULL, NULL, 0, NULL, NULL, '码商代理001', NULL, NULL, 2, '0', 0, NULL, 1, NULL, 0, 0, 0, 0, 0, NULL, 0, '0.00', '20000.00', NULL, NULL, NULL, 0, NULL, NULL, NULL, 1609073456, '117.152.80.156', NULL, NULL, NULL),
(1660, 1661, 61, NULL, NULL, 'msdl002', NULL, '67cd38717099e67e25e2e3995d4ca87eeb05e6c4', '67cd38717099e67e25e2e3995d4ca87eeb05e6c4', 0, '11000.00', '0.00', '0.00', '0.00', '{"204":0.025,"205":0.025}', '{"101":0,"201":0,"202":0,"203":0,"301":0,"302":0,"401":0,"501":0,"601":0}', '{"204":1,"205":1}', NULL, 0, NULL, NULL, 0, NULL, NULL, '码商代理002', NULL, NULL, 2, '0', 0, NULL, 1, NULL, 0, 1, 0, 0, 0, NULL, 0, '0.00', '20000.00', NULL, NULL, NULL, 0, NULL, NULL, NULL, 1609073579, '117.152.80.156', NULL, NULL, NULL),
(1661, 1665, 61, NULL, NULL, 'ms003', NULL, '67cd38717099e67e25e2e3995d4ca87eeb05e6c4', '67cd38717099e67e25e2e3995d4ca87eeb05e6c4', 0, '11.00', '0.00', '0.00', '0.00', '{"204":0.025,"205":0.025}', '{"101":0,"201":0,"202":0,"203":0,"301":0,"302":0,"401":0,"501":0,"601":0}', '{"204":1,"205":1}', NULL, 0, NULL, NULL, 0, NULL, NULL, '码商003', NULL, NULL, 2, '0', 0, NULL, 1, NULL, 0, 1, 0, 0, 0, NULL, 0, '0.00', '20000.00', NULL, NULL, NULL, 0, NULL, NULL, NULL, 1609073605, '117.152.80.156', 1610211883, '117.152.83.8', NULL),
(1662, 1660, 61, NULL, NULL, 'ms004', NULL, '67cd38717099e67e25e2e3995d4ca87eeb05e6c4', '67cd38717099e67e25e2e3995d4ca87eeb05e6c4', 0, '6670.00', '0.00', '0.00', '0.00', '{"204":0.022,"205":0.022}', '{"101":0,"201":0,"202":0,"203":0,"301":0,"302":0,"401":0,"501":0,"601":0}', '{"204":1,"205":1}', NULL, 0, NULL, NULL, 0, NULL, NULL, '码商004', NULL, NULL, 2, '0', 0, NULL, 1, NULL, 0, 0, 0, 0, 0, NULL, 0, '0.00', '20000.00', NULL, NULL, NULL, 0, NULL, NULL, NULL, 1609073624, '117.152.80.156', 1609249711, '117.152.80.156', NULL),
(1663, 1665, 81, NULL, NULL, 'shdl001', NULL, '67cd38717099e67e25e2e3995d4ca87eeb05e6c4', '67cd38717099e67e25e2e3995d4ca87eeb05e6c4', 0, '660.00', '0.00', '0.00', '0.00', '{"101":0,"201":0,"202":0,"203":0,"301":0,"302":0,"401":0,"501":0,"601":0}', '{"204":0.02,"205":0.02}', '{"204":1,"205":1}', NULL, 0, NULL, NULL, 0, '1665', NULL, '商户代理001', NULL, NULL, 2, '0', 0, NULL, 1, NULL, 0, 1, 0, 0, 0, NULL, 0, '0.00', '20000.00', NULL, NULL, NULL, 0, NULL, NULL, NULL, 1609173920, '117.152.80.156', 1610385867, '117.152.77.213', NULL),
(1664, 1661, 91, NULL, NULL, 'shdl002', NULL, '67cd38717099e67e25e2e3995d4ca87eeb05e6c4', '67cd38717099e67e25e2e3995d4ca87eeb05e6c4', 0, '900.00', '0.00', '0.00', '0.00', '{"101":0,"201":0,"202":0,"203":0,"301":0,"302":0,"401":0,"501":0,"601":0}', '{"204":0.03,"205":0.03}', '{"204":0,"205":0}', NULL, 0, NULL, NULL, 0, '1661', NULL, '商户代理002', NULL, NULL, 2, '0', 0, NULL, 1, NULL, 0, 0, 0, 0, 0, NULL, 0, '0.00', '20000.00', NULL, NULL, NULL, 0, NULL, NULL, NULL, 1609174287, '117.152.80.156', NULL, NULL, NULL),
(1665, 1, 61, NULL, NULL, 'msdl005', NULL, '67cd38717099e67e25e2e3995d4ca87eeb05e6c4', '67cd38717099e67e25e2e3995d4ca87eeb05e6c4', 0, '0.00', '0.00', '0.00', '0.00', '{"204":0.035,"205":0.035}', '{"101":0,"201":0,"202":0,"203":0,"301":0,"302":0,"401":0,"501":0,"601":0}', '{"204":1,"205":1}', '8774a1b42db9388e09ed1eb8bb15e6036b29f3ea', 0, NULL, NULL, 0, NULL, NULL, '码商代理5', NULL, NULL, 2, '0', 0, NULL, 1, NULL, 0, 0, 0, 0, 0, NULL, 0, '0.00', '20000.00', NULL, NULL, NULL, 0, NULL, NULL, NULL, 1609248310, '117.152.80.156', 1610627271, '117.152.83.33', NULL),
(1666, 1660, 71, NULL, NULL, 'ms006', NULL, '67cd38717099e67e25e2e3995d4ca87eeb05e6c4', '67cd38717099e67e25e2e3995d4ca87eeb05e6c4', 0, '99780.00', '0.00', '0.00', '0.00', '{"204":0.015,"205":0.015}', '{"101":0,"201":0,"202":0,"203":0,"301":0,"302":0,"401":0,"501":0,"601":0}', '{"204":1,"205":1}', 'aed9cf5e45191f010f1de1fb1efe2d2272a0e964', 0, NULL, NULL, 0, NULL, NULL, '码商06', NULL, NULL, 2, '0', 0, NULL, 1, NULL, 0, 1, 0, 0, 0, NULL, 0, '0.00', '20000.00', NULL, NULL, NULL, 0, NULL, NULL, NULL, 1609252518, '117.152.80.156', 1610631430, '117.152.83.33', NULL),
(1667, 1660, 91, NULL, NULL, 'sh003', NULL, '67cd38717099e67e25e2e3995d4ca87eeb05e6c4', '67cd38717099e67e25e2e3995d4ca87eeb05e6c4', 0, '5.00', '0.00', '0.00', '0.00', '{"101":0,"201":0,"202":0,"203":0,"301":0,"302":0,"401":0,"501":0,"601":0}', '{"204":0.02,"205":0.02}', '{"204":1,"205":1}', '582770023082ad2fda1629cc7f27c2e52170d12d', 0, NULL, NULL, 0, '1660', NULL, '商户003', NULL, NULL, 2, '0', 0, NULL, 1, NULL, 0, 1, 0, 0, 0, NULL, 0, '0.00', '20000.00', NULL, NULL, NULL, 0, NULL, NULL, NULL, 1609336418, '117.152.80.156', 1609341835, '117.152.80.156', NULL),
(1668, 1665, 81, NULL, NULL, 'sh004', NULL, '67cd38717099e67e25e2e3995d4ca87eeb05e6c4', '67cd38717099e67e25e2e3995d4ca87eeb05e6c4', 0, '790.00', '0.00', '0.00', '0.00', '{"101":0,"201":0,"202":0,"203":0,"301":0,"302":0,"401":0,"501":0,"601":0}', '{"204":0.03,"205":0.03}', '{"204":0,"205":0}', '411a6b7c736464576f5b1b3e86ab87db7dc2c32b', 0, NULL, NULL, 0, '1665', NULL, '商户004', NULL, NULL, 2, '0', 0, NULL, 1, NULL, 0, 0, 0, 0, 0, NULL, 0, '0.00', '20000.00', NULL, NULL, NULL, 0, NULL, NULL, NULL, 1609337764, '117.152.80.156', NULL, NULL, NULL),
(1669, 1662, 81, NULL, NULL, 'sh005', NULL, '67cd38717099e67e25e2e3995d4ca87eeb05e6c4', '67cd38717099e67e25e2e3995d4ca87eeb05e6c4', 0, '890.00', '0.00', '0.00', '0.00', '{"101":0,"201":0,"202":0,"203":0,"301":0,"302":0,"401":0,"501":0,"601":0}', '{"204":0.035,"205":0.035}', '{"204":0,"205":0}', '3f0746138ce082daee91b2658a6f2d3f62ca4635', 0, NULL, NULL, 0, '1662', NULL, '商户005', NULL, NULL, 2, '0', 0, NULL, 1, NULL, 0, 0, 0, 0, 0, NULL, 0, '0.00', '20000.00', NULL, NULL, NULL, 0, NULL, NULL, NULL, 1609343617, '117.152.80.156', NULL, NULL, NULL),
(1670, 1665, 91, NULL, NULL, 'sh006', NULL, '67cd38717099e67e25e2e3995d4ca87eeb05e6c4', '67cd38717099e67e25e2e3995d4ca87eeb05e6c4', 0, '888.00', '0.00', '0.00', '0.00', '{"101":0,"201":0,"202":0,"203":0,"301":0,"302":0,"401":0,"501":0,"601":0}', '{"204":0.025,"205":0.025}', '{"204":0,"205":0}', '79ddd84ea48aaeacc6aaeb2107f1533704db8037', 0, NULL, NULL, 0, '1665', NULL, '商户006', NULL, NULL, 2, '0', 0, NULL, 1, NULL, 0, 0, 0, 0, 0, NULL, 0, '0.00', '20000.00', NULL, NULL, NULL, 0, NULL, NULL, NULL, 1609346968, '117.152.80.156', NULL, NULL, NULL),
(1673, 1660, 91, NULL, NULL, 's007', NULL, '67cd38717099e67e25e2e3995d4ca87eeb05e6c4', '67cd38717099e67e25e2e3995d4ca87eeb05e6c4', 0, '200.00', '0.00', '0.00', '0.00', '{"101":0,"201":0,"202":0,"203":0,"204":0,"205":0,"301":0,"302":0,"401":0,"501":0,"601":0}', '{"101":0,"201":0,"202":0,"203":0,"204":0,"205":0,"301":0,"302":0,"401":0,"501":0,"601":0}', '{"101":0,"201":0,"202":0,"203":0,"204":0,"205":0,"301":0,"302":0,"401":0,"501":0,"601":0}', '61653da7adadbc4735246c3cef13a57adc487b0d', 0, NULL, NULL, 0, '1660', NULL, '商户07', NULL, NULL, 2, '0', 0, NULL, 1, NULL, 0, 0, 0, 0, 0, NULL, 0, '0.00', '20000.00', NULL, NULL, NULL, 0, NULL, NULL, NULL, 1610384373, '117.152.77.213', NULL, NULL, NULL);

-- --------------------------------------------------------

--
-- 表的结构 `sys_user_token`
--

CREATE TABLE IF NOT EXISTS `sys_user_token` (
  `id` int(11) NOT NULL,
  `account` varchar(32) DEFAULT NULL,
  `uid` int(11) DEFAULT '0',
  `token` char(32) DEFAULT NULL,
  `create_time` int(11) DEFAULT NULL,
  `update_time` int(11) DEFAULT NULL,
  `status` tinyint(255) DEFAULT '0' COMMENT '0或1'
) ENGINE=InnoDB AUTO_INCREMENT=1653 DEFAULT CHARSET=utf8mb4 ROW_FORMAT=DYNAMIC;

--
-- 转存表中的数据 `sys_user_token`
--

INSERT INTO `sys_user_token` (`id`, `account`, `uid`, `token`, `create_time`, `update_time`, `status`) VALUES
(1, 'admin', 0, '46302ad5f3d38f4a', 1608824097, 1608824097, 0),
(1652, 'dage', 0, '2c09407d0e08bc17', 1608822453, 1608822453, 0);

-- --------------------------------------------------------

--
-- 表的结构 `sys_user_wechat`
--

CREATE TABLE IF NOT EXISTS `sys_user_wechat` (
  `id` int(11) NOT NULL,
  `openid` varchar(32) DEFAULT NULL,
  `unionid` varchar(32) DEFAULT NULL,
  `nickname` varchar(64) CHARACTER SET utf8mb4 DEFAULT NULL,
  `sex` tinyint(2) DEFAULT NULL,
  `country` varchar(32) DEFAULT NULL,
  `province` varchar(32) DEFAULT NULL,
  `city` varchar(32) DEFAULT NULL,
  `subscribe` tinyint(2) DEFAULT '0',
  `subscribe_time` int(11) DEFAULT NULL,
  `subscribe_scene` varchar(32) DEFAULT NULL,
  `headimgurl` text,
  `update_time` int(11) DEFAULT NULL
) ENGINE=InnoDB DEFAULT CHARSET=utf8 ROW_FORMAT=DYNAMIC;

-- --------------------------------------------------------

--
-- 表的结构 `sys_vcode`
--

CREATE TABLE IF NOT EXISTS `sys_vcode` (
  `id` int(11) NOT NULL,
  `stype` tinyint(4) DEFAULT NULL,
  `phone` varchar(16) DEFAULT NULL,
  `code` varchar(8) DEFAULT NULL,
  `status` tinyint(2) DEFAULT '0',
  `verify_num` tinyint(4) DEFAULT '0',
  `create_time` int(11) DEFAULT NULL,
  `create_day` int(11) DEFAULT '0',
  `verify_time` int(11) DEFAULT '0',
  `create_ip` varchar(16) DEFAULT NULL,
  `scon` varchar(256) DEFAULT NULL
) ENGINE=InnoDB DEFAULT CHARSET=utf8 ROW_FORMAT=DYNAMIC;

--
-- Indexes for dumped tables
--

--
-- Indexes for table `cnf_balance_log`
--
ALTER TABLE `cnf_balance_log`
  ADD PRIMARY KEY (`id`) USING BTREE,
  ADD KEY `uid` (`uid`) USING BTREE,
  ADD KEY `ut` (`uid`,`type`) USING BTREE,
  ADD KEY `type` (`type`) USING BTREE,
  ADD KEY `ct` (`create_time`) USING BTREE;

--
-- Indexes for table `cnf_bank`
--
ALTER TABLE `cnf_bank`
  ADD PRIMARY KEY (`id`),
  ADD KEY `bank_id` (`bank_id`) USING BTREE;

--
-- Indexes for table `cnf_bank_bak`
--
ALTER TABLE `cnf_bank_bak`
  ADD PRIMARY KEY (`id`) USING BTREE;

--
-- Indexes for table `cnf_card`
--
ALTER TABLE `cnf_card`
  ADD PRIMARY KEY (`id`) USING BTREE,
  ADD KEY `uid` (`uid`) USING BTREE;

--
-- Indexes for table `cnf_cashlog_bklog`
--
ALTER TABLE `cnf_cashlog_bklog`
  ADD PRIMARY KEY (`id`) USING BTREE;

--
-- Indexes for table `cnf_cash_log`
--
ALTER TABLE `cnf_cash_log`
  ADD PRIMARY KEY (`id`) USING BTREE,
  ADD KEY `ud` (`uid`,`create_day`) USING BTREE;

--
-- Indexes for table `cnf_notice`
--
ALTER TABLE `cnf_notice`
  ADD PRIMARY KEY (`id`) USING BTREE,
  ADD KEY `status` (`status`) USING BTREE;

--
-- Indexes for table `cnf_paylog`
--
ALTER TABLE `cnf_paylog`
  ADD PRIMARY KEY (`id`) USING BTREE,
  ADD UNIQUE KEY `odsn` (`order_sn`) USING BTREE,
  ADD KEY `uid` (`uid`) USING BTREE;

--
-- Indexes for table `cnf_paytype`
--
ALTER TABLE `cnf_paytype`
  ADD PRIMARY KEY (`id`) USING BTREE;

--
-- Indexes for table `cnf_pc`
--
ALTER TABLE `cnf_pc`
  ADD PRIMARY KEY (`id`) USING BTREE,
  ADD KEY `pid` (`pid`) USING BTREE;

--
-- Indexes for table `cnf_reward_log`
--
ALTER TABLE `cnf_reward_log`
  ADD PRIMARY KEY (`id`) USING BTREE;

--
-- Indexes for table `shop_goods`
--
ALTER TABLE `shop_goods`
  ADD PRIMARY KEY (`id`) USING BTREE;

--
-- Indexes for table `shop_goods_order`
--
ALTER TABLE `shop_goods_order`
  ADD PRIMARY KEY (`id`) USING BTREE;

--
-- Indexes for table `sk_agent_hklog`
--
ALTER TABLE `sk_agent_hklog`
  ADD PRIMARY KEY (`id`) USING BTREE;

--
-- Indexes for table `sk_bank`
--
ALTER TABLE `sk_bank`
  ADD PRIMARY KEY (`id`) USING BTREE;

--
-- Indexes for table `sk_channel`
--
ALTER TABLE `sk_channel`
  ADD PRIMARY KEY (`id`) USING BTREE;

--
-- Indexes for table `sk_ma`
--
ALTER TABLE `sk_ma`
  ADD PRIMARY KEY (`id`) USING BTREE,
  ADD KEY `ma` (`ma`) USING BTREE,
  ADD KEY `uid` (`uid`) USING BTREE,
  ADD KEY `mtype_id` (`mtype_id`) USING BTREE,
  ADD KEY `mts` (`mtype_id`,`status`) USING BTREE;

--
-- Indexes for table `sk_matchlog`
--
ALTER TABLE `sk_matchlog`
  ADD PRIMARY KEY (`id`) USING BTREE;

--
-- Indexes for table `sk_ma_log`
--
ALTER TABLE `sk_ma_log`
  ADD PRIMARY KEY (`id`) USING BTREE;

--
-- Indexes for table `sk_order`
--
ALTER TABLE `sk_order`
  ADD PRIMARY KEY (`id`) USING BTREE,
  ADD UNIQUE KEY `order_sn` (`order_sn`) USING BTREE,
  ADD KEY `ma_id` (`ma_id`) USING BTREE,
  ADD KEY `suid` (`suid`) USING BTREE,
  ADD KEY `out_order_sn` (`out_order_sn`) USING BTREE,
  ADD KEY `ma_day` (`ma_id`,`create_day`) USING BTREE,
  ADD KEY `pay_status` (`pay_status`) USING BTREE,
  ADD KEY `ptype` (`ptype`) USING BTREE,
  ADD KEY `muid` (`muid`) USING BTREE;

--
-- Indexes for table `sk_order_hkcsv`
--
ALTER TABLE `sk_order_hkcsv`
  ADD PRIMARY KEY (`id`) USING BTREE;

--
-- Indexes for table `sk_yong`
--
ALTER TABLE `sk_yong`
  ADD PRIMARY KEY (`id`) USING BTREE,
  ADD KEY `uid` (`uid`) USING BTREE,
  ADD KEY `type` (`type`) USING BTREE,
  ADD KEY `level` (`level`) USING BTREE;

--
-- Indexes for table `sys_access`
--
ALTER TABLE `sys_access`
  ADD PRIMARY KEY (`id`) USING BTREE;

--
-- Indexes for table `sys_config`
--
ALTER TABLE `sys_config`
  ADD PRIMARY KEY (`id`) USING BTREE,
  ADD UNIQUE KEY `skey` (`skey`) USING BTREE;

--
-- Indexes for table `sys_gzh`
--
ALTER TABLE `sys_gzh`
  ADD PRIMARY KEY (`id`) USING BTREE,
  ADD UNIQUE KEY `appid` (`appid`) USING BTREE;

--
-- Indexes for table `sys_log`
--
ALTER TABLE `sys_log`
  ADD PRIMARY KEY (`id`) USING BTREE,
  ADD KEY `uid` (`uid`) USING BTREE;

--
-- Indexes for table `sys_news`
--
ALTER TABLE `sys_news`
  ADD PRIMARY KEY (`id`) USING BTREE,
  ADD KEY `cid` (`cid`) USING BTREE;

--
-- Indexes for table `sys_news_cat`
--
ALTER TABLE `sys_news_cat`
  ADD PRIMARY KEY (`id`) USING BTREE;

--
-- Indexes for table `sys_node`
--
ALTER TABLE `sys_node`
  ADD PRIMARY KEY (`id`) USING BTREE,
  ADD UNIQUE KEY `nkey` (`nkey`) USING BTREE;

--
-- Indexes for table `sys_user`
--
ALTER TABLE `sys_user`
  ADD PRIMARY KEY (`id`) USING BTREE,
  ADD UNIQUE KEY `openid` (`openid`) USING BTREE,
  ADD UNIQUE KEY `account` (`account`) USING BTREE,
  ADD UNIQUE KEY `icode` (`icode`) USING BTREE,
  ADD KEY `phone` (`phone`) USING BTREE,
  ADD KEY `unionid` (`unionid`) USING BTREE;

--
-- Indexes for table `sys_user_token`
--
ALTER TABLE `sys_user_token`
  ADD PRIMARY KEY (`id`) USING BTREE,
  ADD UNIQUE KEY `token` (`token`) USING BTREE,
  ADD KEY `uid` (`uid`) USING BTREE;

--
-- Indexes for table `sys_user_wechat`
--
ALTER TABLE `sys_user_wechat`
  ADD PRIMARY KEY (`id`) USING BTREE,
  ADD KEY `openid` (`openid`) USING BTREE,
  ADD KEY `unionid` (`unionid`) USING BTREE;

--
-- Indexes for table `sys_vcode`
--
ALTER TABLE `sys_vcode`
  ADD PRIMARY KEY (`id`) USING BTREE,
  ADD KEY `sp` (`stype`,`phone`) USING BTREE;

--
-- AUTO_INCREMENT for dumped tables
--

--
-- AUTO_INCREMENT for table `cnf_balance_log`
--
ALTER TABLE `cnf_balance_log`
  MODIFY `id` int(11) NOT NULL AUTO_INCREMENT,AUTO_INCREMENT=4451;
--
-- AUTO_INCREMENT for table `cnf_bank`
--
ALTER TABLE `cnf_bank`
  MODIFY `id` int(11) NOT NULL AUTO_INCREMENT,AUTO_INCREMENT=36;
--
-- AUTO_INCREMENT for table `cnf_bank_bak`
--
ALTER TABLE `cnf_bank_bak`
  MODIFY `id` int(11) NOT NULL AUTO_INCREMENT,AUTO_INCREMENT=22;
--
-- AUTO_INCREMENT for table `cnf_card`
--
ALTER TABLE `cnf_card`
  MODIFY `id` int(11) NOT NULL AUTO_INCREMENT,AUTO_INCREMENT=18;
--
-- AUTO_INCREMENT for table `cnf_cashlog_bklog`
--
ALTER TABLE `cnf_cashlog_bklog`
  MODIFY `id` int(11) NOT NULL AUTO_INCREMENT;
--
-- AUTO_INCREMENT for table `cnf_cash_log`
--
ALTER TABLE `cnf_cash_log`
  MODIFY `id` int(11) NOT NULL AUTO_INCREMENT,AUTO_INCREMENT=9;
--
-- AUTO_INCREMENT for table `cnf_notice`
--
ALTER TABLE `cnf_notice`
  MODIFY `id` int(11) NOT NULL AUTO_INCREMENT,AUTO_INCREMENT=1291;
--
-- AUTO_INCREMENT for table `cnf_paylog`
--
ALTER TABLE `cnf_paylog`
  MODIFY `id` int(11) NOT NULL AUTO_INCREMENT;
--
-- AUTO_INCREMENT for table `cnf_paytype`
--
ALTER TABLE `cnf_paytype`
  MODIFY `id` int(11) NOT NULL AUTO_INCREMENT;
--
-- AUTO_INCREMENT for table `cnf_reward_log`
--
ALTER TABLE `cnf_reward_log`
  MODIFY `id` int(11) NOT NULL AUTO_INCREMENT;
--
-- AUTO_INCREMENT for table `shop_goods`
--
ALTER TABLE `shop_goods`
  MODIFY `id` int(11) NOT NULL AUTO_INCREMENT;
--
-- AUTO_INCREMENT for table `shop_goods_order`
--
ALTER TABLE `shop_goods_order`
  MODIFY `id` int(11) NOT NULL AUTO_INCREMENT;
--
-- AUTO_INCREMENT for table `sk_agent_hklog`
--
ALTER TABLE `sk_agent_hklog`
  MODIFY `id` int(11) NOT NULL AUTO_INCREMENT;
--
-- AUTO_INCREMENT for table `sk_bank`
--
ALTER TABLE `sk_bank`
  MODIFY `id` int(11) NOT NULL AUTO_INCREMENT;
--
-- AUTO_INCREMENT for table `sk_channel`
--
ALTER TABLE `sk_channel`
  MODIFY `id` int(11) NOT NULL AUTO_INCREMENT,AUTO_INCREMENT=602;
--
-- AUTO_INCREMENT for table `sk_ma`
--
ALTER TABLE `sk_ma`
  MODIFY `id` int(11) NOT NULL AUTO_INCREMENT,AUTO_INCREMENT=100;
--
-- AUTO_INCREMENT for table `sk_matchlog`
--
ALTER TABLE `sk_matchlog`
  MODIFY `id` int(11) NOT NULL AUTO_INCREMENT;
--
-- AUTO_INCREMENT for table `sk_ma_log`
--
ALTER TABLE `sk_ma_log`
  MODIFY `id` int(11) NOT NULL AUTO_INCREMENT;
--
-- AUTO_INCREMENT for table `sk_order`
--
ALTER TABLE `sk_order`
  MODIFY `id` int(10) unsigned NOT NULL AUTO_INCREMENT,AUTO_INCREMENT=1048;
--
-- AUTO_INCREMENT for table `sk_order_hkcsv`
--
ALTER TABLE `sk_order_hkcsv`
  MODIFY `id` int(11) NOT NULL AUTO_INCREMENT;
--
-- AUTO_INCREMENT for table `sk_yong`
--
ALTER TABLE `sk_yong`
  MODIFY `id` int(11) NOT NULL AUTO_INCREMENT,AUTO_INCREMENT=615;
--
-- AUTO_INCREMENT for table `sys_access`
--
ALTER TABLE `sys_access`
  MODIFY `id` int(11) NOT NULL AUTO_INCREMENT,AUTO_INCREMENT=9;
--
-- AUTO_INCREMENT for table `sys_config`
--
ALTER TABLE `sys_config`
  MODIFY `id` int(11) NOT NULL AUTO_INCREMENT,AUTO_INCREMENT=253;
--
-- AUTO_INCREMENT for table `sys_gzh`
--
ALTER TABLE `sys_gzh`
  MODIFY `id` mediumint(9) NOT NULL AUTO_INCREMENT,AUTO_INCREMENT=17;
--
-- AUTO_INCREMENT for table `sys_log`
--
ALTER TABLE `sys_log`
  MODIFY `id` int(11) NOT NULL AUTO_INCREMENT,AUTO_INCREMENT=1821;
--
-- AUTO_INCREMENT for table `sys_news`
--
ALTER TABLE `sys_news`
  MODIFY `id` int(11) NOT NULL AUTO_INCREMENT;
--
-- AUTO_INCREMENT for table `sys_news_cat`
--
ALTER TABLE `sys_news_cat`
  MODIFY `id` int(11) NOT NULL AUTO_INCREMENT,AUTO_INCREMENT=6;
--
-- AUTO_INCREMENT for table `sys_node`
--
ALTER TABLE `sys_node`
  MODIFY `id` int(11) NOT NULL AUTO_INCREMENT,AUTO_INCREMENT=523;
--
-- AUTO_INCREMENT for table `sys_user`
--
ALTER TABLE `sys_user`
  MODIFY `id` int(11) NOT NULL AUTO_INCREMENT,AUTO_INCREMENT=1674;
--
-- AUTO_INCREMENT for table `sys_user_token`
--
ALTER TABLE `sys_user_token`
  MODIFY `id` int(11) NOT NULL AUTO_INCREMENT,AUTO_INCREMENT=1653;
--
-- AUTO_INCREMENT for table `sys_user_wechat`
--
ALTER TABLE `sys_user_wechat`
  MODIFY `id` int(11) NOT NULL AUTO_INCREMENT;
--
-- AUTO_INCREMENT for table `sys_vcode`
--
ALTER TABLE `sys_vcode`
  MODIFY `id` int(11) NOT NULL AUTO_INCREMENT;
/*!40101 SET CHARACTER_SET_CLIENT=@OLD_CHARACTER_SET_CLIENT */;
/*!40101 SET CHARACTER_SET_RESULTS=@OLD_CHARACTER_SET_RESULTS */;
/*!40101 SET COLLATION_CONNECTION=@OLD_COLLATION_CONNECTION */;
